,VEHICULO,,,,,,MODS,,,,,,,,,,,,,,,,,,CAT,VENTA SUGERIDO,,,,,,DEALER,,,,,,PROTOCOLOS,,,,,,,
,,,,,,,POWER,,,MAX GAIN,,TORQUE,,FEATURES,,,,,,,,,,,,POT (JOB+1),,DTC - DECAT - EGR (JOB+2),,DPF (JOB+4),,POT (JOB+1),,DTC - DECAT - EGR (JOB+2),,DPF (JOB+4),,ALIENTECH,,,,,,,
COD,MARCA,MODELO,FLY,chart,,MOTOR,ORI,MOD,GAIN,HP,RPM,ORI,MOD,OBD,STG,ACC,RON,VMX,CAT,EGR,DPF,IMM,SWR,MS,,STG1,STG2,ONLY,COMBO,ONLY,COMBO,STG1,STG2,ONLY,COMBO,ONLY,COMBO,KESS,KTAG,WEB,,,,,
201,ABARTH,500,,3524,,1.4T,135,167,32,36,3800,206,276,X,X,X,X,X,X,,,,,,TN1,19900,24900,11900,5950,,,5970,7470,3570,1785,0,0,121,24,https://dataracing.com.ar/cars/abaeth-500-1-4t-135-hp/,,,,,
202,ABARTH,500 595 EURO 6,,3526,,1.4T,165,198,33,59,4100,234,320,,X,X,X,X,X,,,,,,TN2,24900,28900,13900,6950,,,7470,8670,4170,2085,0,0,x,1275 642,https://dataracing.com.ar/cars/abarth-595-1-4t-165-hp/,,,,,
201,ALFA ROMEO,Giulietta,,3524,,1.4T,135,167,32,36,3800,206,276,X,X,X,X,X,X,,,,,,TN1,19900,24900,11900,5950,,,5970,7470,3570,1785,0,0,121,24,https://dataracing.com.ar/cars/abaeth-500-1-4t-135-hp/,,,,,
301,ALFA ROMEO,Giulietta,,,,1750Bti,235,275,40,,,,,X,X,X,X,X,X,,,,,,TN2,24900,28900,13900,6950,,,7470,8670,4170,2085,0,0,229,1315 150,,,,,FEATURES,
302,ALFA ROMEO,145,,,,18L,144,156,12,,,,,X,X,,X,X,X,,,,,,A3,18900,21900,12900,6450,,,5670,6570,3870,1935,0,0,4,x,,,,,OBD,OBD DIRECT
303,ALFA ROMEO,145,,,,20L,150,163,13,,,,,X,X,,X,X,X,,,,,,A3,18900,21900,12900,6450,,,5670,6570,3870,1935,0,0,5,x,,,,,STG,DISPONIBLE STAGE1 STAGE2 ..
302,ALFA ROMEO,146,,,,18L,144,156,12,,,,,X,X,,X,X,X,,,,,,A3,18900,21900,12900,6450,,,5670,6570,3870,1935,0,0,4,x,,,,,ACC,MEJORA EN LA RESPUESTA DEL ACELERADOR ELECTRONICO
303,ALFA ROMEO,146,,,,20L,150,163,13,,,,,X,X,,X,X,X,,,,,,A3,18900,21900,12900,6450,,,5670,6570,3870,1935,0,0,5,x,,,,,RON,REPROGRAMACION SEGUN COMBUSTIBLE
302,ALFA ROMEO,147,,,,18L,144,156,12,,,,,X,X,,X,X,X,,,,,,A3,18900,21900,12900,6450,,,5670,6570,3870,1935,0,0,4,x,,,,,VMX,VELOCIDAD FINAL LIBERADA
303,ALFA ROMEO,147,,,,20L,150,163,13,,,,,X,X,,X,X,X,,,,,,A3,18900,21900,12900,6450,,,5670,6570,3870,1935,0,0,5,x,,,,,CAT,POSIBLE REMOVER ERROR DE CATALIZADOR
302,ALFA ROMEO,156,,,,18L,144,156,12,,,,,X,X,,X,X,X,,,,,,A3,18900,21900,12900,6450,,,5670,6570,3870,1935,0,0,4,x,,,,,EGR,POSIBLE REMOVER ERROR DE EGR
303,ALFA ROMEO,156,,,,20L,150,163,13,,,,,X,X,,X,X,X,,,,,,A3,18900,21900,12900,6450,,,5670,6570,3870,1935,0,0,5,x,,,,,DPF,POSIBLE REMOVER DPF
304,ALFA ROMEO,147 156,,,,1.9JTD,140,165,25,,,,,X,X,X,,X,,X,,,,,TD1,16900,16900,10900,2725,15900,7950,5070,5070,3270,817.5,4770,2385,54,1,,,,,IMM,POSIBLE HACER IMMO OFF
305,ALFA ROMEO,MITO,,,,1.4T,155,180,25,,,,,X,X,X,X,X,X,,,,,,TN1,19900,24900,11900,5950,,,5970,7470,3570,1785,0,0,121,24,,,,,SWR,POSIBLE ANULAR CHAPALETAS ADMISION
201,ALFA ROMEO,MITO,,3524,,1.4T,135,167,32,36,3800,206,276,X,X,X,X,X,X,,,,,,TN1,19900,24900,11900,5950,,,5970,7470,3570,1785,0,0,121,24,https://dataracing.com.ar/cars/abaeth-500-1-4t-135-hp/,,,,MS,POSIBLE MAP SWITCHING
109,AUDI,A1,,3192,,1.4TFSI,125,150,25,32,3300,209,280,X,X,X,X,X,X,,,,,,TN1,19900,24900,11900,5950,,,5970,7470,3570,1785,0,0,203,128,https://dataracing.com.ar/cars/audi-a3-8v-1-4t-ea-211-hp/,,,,,
126,AUDI,A1,,3348,,1.4T EA211,125,162,37,38,4900,202,262,X,X,X,X,X,X,,,,,,TN1,19900,24900,11900,5950,,,5970,7470,3570,1785,0,0,465,1321 179,https://dataracing.com.ar/cars/audi-a1-1-4t-ea211-122-hp/,,,,,
128,AUDI,A1,,,,1.2TSI,90,120,30,,,,,X,X,X,X,X,X,,,,,,TN1,19900,24900,11900,5950,,,5970,7470,3570,1785,0,0,384,x,,,,,,
118,AUDI,A3 8L,,3198,,1.6,101,111,10,10,5200,142,156,,X,X,X,X,X,,,X,,,A1,13900,15900,8900,4450,,,4170,4770,2670,1335,0,0,x,186,https://dataracing.com.ar/cars/vw-gol-trend-1-6-101-hp/,,,,,
101,AUDI,A3 8L,,3080,,1.8T,150,188,40,57,3900,210,305,X,X,X,X,X,X,,,X,,,TN1,19900,24900,11900,5950,,,5970,7470,3570,1785,0,0,x,x,https://dataracing.com.ar/cars/vw-golf-4-1-8t-150-hp/,,,,,
102,AUDI,A3 8L,,3084,,1.8T,180,215,35,56,4600,235,335,X,X,X,X,X,X,,,X,,X,TN1,19900,24900,11900,5950,,,5970,7470,3570,1785,0,0,39,53,https://dataracing.com.ar/cars/vw-bora-1-8t-180-hp/,,,,,
103A,AUDI,A3 8L,,3087,,1.9TDI,90,120,30,33,3200,210,280,X,X,X,,X,,X,,X,,,TD1,16900,16900,10900,2725,15900,7950,5070,5070,3270,817.5,4770,2385,11,x,https://dataracing.com.ar/cars/vw-golf-4-1-9tdi-90-hp/,,,,,
107,AUDI,A3 8P,,3332,,1.6L 8V,102,112,10,11,5900,151,162,X,X,X,X,X,X,,,,,,A1,13900,15900,8900,4450,,,4170,4770,2670,1335,0,0,286,x,https://dataracing.com.ar/cars/audi-a3-8p-1-6l-8v-102-hp/,,,,,
103B,AUDI ,A3 8P,,3092,,1.9TDI,105,145,40,43,3200,240,340,X,X,X,,X,,X,,X,,,TD1,16900,16900,10900,2725,15900,7950,5070,5070,3270,817.5,4770,2385,10,x,https://dataracing.com.ar/cars/volkswagen-bora-1-9tdi-105-hp/,,,,,
106,AUDI ,A3 8P,,3170,,2.0TDI PD,140,170,30,32,3600,320,410,X,X,X,,X,,X,,X,X,,TD1,16900,16900,10900,2725,15900,7950,5070,5070,3270,817.5,4770,2385,62,2,https://dataracing.com.ar/cars/vw-vento-5-2-0tdi-pd-140-hp/,,,,,
104,AUDI ,A3 8P,,3141,,2.0TFSI,200,250,50,53,4300,280,377,X,X,X,X,X,X,,,X,X,,TN2,24900,28900,13900,6950,,,7470,8670,4170,2085,0,0,93,64,https://dataracing.com.ar/cars/vw-vento-5-2-0tfsi-200-hp/,,,,,
127,AUDI ,A3 8P,,3339,,2.0TDI CR,140,180,40,42,4100,321,380,X,X,X,,X,,X,,,X,,TD2,19900,19900,11900,2975,17900,8950,5970,5970,3570,892.5,5370,2685,399,1165 269,https://dataracing.com.ar/cars/vw-vento-mk6-2-0tdi-cr-140-hp/,,,,,
105,AUDI ,A3 8P,,3148,,2.0TSI,211,265,54,93,4700,290,440,X,X,X,X,X,X,,,X,X,,TN2,24900,28900,13900,6950,,,7470,8670,4170,2085,0,0,203,128,https://dataracing.com.ar/cars/vw-golf-6-2-0tsi-211-hp/,,,,,
108,AUDI ,A3 8P,,3190,,1.8TSI,160,218,50,64,4200,256,368,X,X,X,X,X,X,,,X,X,,TN1,19900,24900,11900,5950,,,5970,7470,3570,1785,0,0,203,128,https://dataracing.com.ar/cars/audi-a3-8p-1-8tfsi-160-hp/,,,,,
109,AUDI,A3 8P,,3192,,1.4TFSI,125,150,25,32,3300,209,280,X,X,X,X,X,X,,,,,,TN1,19900,24900,11900,5950,,,5970,7470,3570,1785,0,0,203,128,https://dataracing.com.ar/cars/audi-a3-8v-1-4t-ea-211-hp/,,,,,
114,AUDI,A3 8P,,3344,,3.2 V6,250,270,20,20,6200,318,340,X,X,X,X,X,X,,,X,,,A3,18900,21900,12900,6450,,,5670,6570,3870,1935,0,0,120,52,https://dataracing.com.ar/cars/audi-tt-mk-2-3-2-v6-250-hp/,,,,,
126,AUDI,A3 8V,,3348,,1.4T EA211,125,162,37,38,4900,202,262,X,X,X,X,X,X,,,,,,TN1,19900,24900,11900,5950,,,5970,7470,3570,1785,0,0,465,1321 179,https://dataracing.com.ar/cars/audi-a1-1-4t-ea211-122-hp/,,,,,
119A,AUDI,A3 8V,,3245,,1.4TSI EA211,150,175,25,39,3800,250,311,X,X,X,X,X,X,,,,,,TN1,19900,24900,11900,5950,,,5970,7470,3570,1785,0,0,477,1323 725,https://dataracing.com.ar/cars/vw-golf-7-1-4tsi-150-hp/,,,,,
132,AUDI,A3 8V,,3350,,1.8T GEN3,170,230,70,68,5400,323,424,X,X,X,X,X,X,,,,,,TN2,24900,28900,13900,6950,,,7470,8670,4170,2085,0,0,469,x,https://dataracing.com.ar/cars/audi-a3-8v-1-8t-gen-3-170-hp/,,,,,
110,AUDI,S3 8L,,,,1.8T,210,250,40,,,,,X,X,X,X,X,X,,,X,,,TN1,19900,24900,11900,5950,,,5970,7470,3570,1785,0,0,38,48,,,,,,
110,AUDI,S3 8L,,,,1.8T,210,250,40,,,,,X,X,X,X,X,X,,,X,,,TN1,19900,24900,11900,5950,,,5970,7470,3570,1785,0,0,38,48,,,,,,
115,AUDI,S3 8P,,3352,,2.0TFSI,265,310,45,51,5400,358,420,X,X,X,X,X,X,,,X,X,,TN2,24900,28900,13900,6950,,,7470,8670,4170,2085,0,0,93,64,https://dataracing.com.ar/cars/audi-s3-8p-2-0tfsi-265-hp/,,,,,
136,AUDI,S3 8V,,3355,,20TSI MQB,300,370,70,98,5000,380,490,X,X,X,X,X,X,,,,,,TN4,36900,41900,19900,9950,,,11070,12570,5970,2985,0,0,473,830,https://dataracing.com.ar/cars/audi-s3-8v-2-0tsi-mqb-300-hp/,,,,,
101,AUDI,A4 B5,,3080,,1.8T,150,188,40,57,3900,210,305,X,X,X,X,X,X,,,X,,,TN1,19900,24900,11900,5950,,,5970,7470,3570,1785,0,0,x,x,https://dataracing.com.ar/cars/vw-golf-4-1-8t-150-hp/,,,,,
102,AUDI,A4 B6,,3084,,1.8T,180,215,35,56,4600,235,335,X,X,X,X,X,X,,,X,,X,TN1,19900,24900,11900,5950,,,5970,7470,3570,1785,0,0,39,53,https://dataracing.com.ar/cars/vw-bora-1-8t-180-hp/,,,,,
111,AUDI,A4 B8,,3190,,1.8TFSI,163,218,47,64,4200,256,365,X,X,X,X,X,X,,,X,X,,TN1,19900,24900,11900,5950,,,5970,7470,3570,1785,0,0,39,53,https://dataracing.com.ar/cars/audi-tt-mk2-1-8tfsi-163-hp/,,,,,
112,AUDI,A4 B8,,3194,,2.0TFSI,211,265,48,66,5400,360,439,X,X,X,X,X,X,,,X,X,,TN2,24900,28900,13900,6950,,,7470,8670,4170,2085,0,0,x,1304 293,https://dataracing.com.ar/cars/audi-a5-b8-2-0tfsi-211-hp/,,,,,
127,AUDI,A4 B8,,3339,,2.0TDI CR,140,180,40,42,4100,321,380,X,X,X,,X,,X,,,X,,TD2,19900,19900,11900,2975,17900,8950,5970,5970,3570,892.5,5370,2685,399,1165 269,https://dataracing.com.ar/cars/vw-vento-mk6-2-0tdi-cr-140-hp/,,,,,
113,AUDI,A4 B8,,,,20TDI CR,170,210,40,,,,,X,X,X,,X,,X,,X,X,,TD3,24900,24900,14900,3725,22900,11450,7470,7470,4470,1117.5,6870,3435,501,1221 146,https://dataracing.com.ar/cars/audi-q5-2-0tdi-cr-140-hp/,,,,,
139,AUDI,A4 B9,,3362,,20TSI GEN3,252,310,58,69,4400,370,474,X,X,X,X,X,X,,,,,,TN4,36900,41900,19900,9950,,,11070,12570,5970,2985,0,0,473,830,https://dataracing.com.ar/cars/audi-a4-b8-2-0tsi-gen-3-252-hp/,,,,,
103C,AUDI,A4 B6,,3096,,1.9TDI,115,154,39,43,3200,285,350,X,X,X,,X,,X,,X,,,TD1,16900,16900,10900,2725,15900,7950,5070,5070,3270,817.5,4770,2385,10,x,https://dataracing.com.ar/cars/vw-sharan-1-9tdi-115-hp/,,,,,
106,AUDI,A4 B7,,3170,,2.0TDI PD,140,170,30,32,3600,320,410,X,X,X,,X,,X,,X,X,,TD1,16900,16900,10900,2725,15900,7950,5070,5070,3270,817.5,4770,2385,62,2,https://dataracing.com.ar/cars/vw-vento-5-2-0tdi-pd-140-hp/,,,,,
104,AUDI,A4 B7,,3141,,2.0TFSI,200,250,50,53,4300,280,377,X,X,X,X,X,X,,,X,X,,TN2,24900,28900,13900,6950,,,7470,8670,4170,2085,0,0,93,64,https://dataracing.com.ar/cars/vw-vento-5-2-0tfsi-200-hp/,,,,,
112,AUDI,A5 B8,,3194,,2.0TFSI,211,265,48,66,5400,360,439,X,X,X,X,X,X,,,X,X,,TN2,24900,28900,13900,6950,,,7470,8670,4170,2085,0,0,x,1304 293,https://dataracing.com.ar/cars/audi-a5-b8-2-0tfsi-211-hp/,,,,,
114,AUDI,A5 B8,,3344,,3.2 V6,250,270,20,20,6200,318,340,X,X,X,X,X,X,,,X,,,A3,18900,21900,12900,6450,,,5670,6570,3870,1935,0,0,120,52,https://dataracing.com.ar/cars/audi-tt-mk-2-3-2-v6-250-hp/,,,,,
137,AUDI,A5 B9,,3360,,20TSI GEN3 190HP,190,240,50,77,3900,320,395,X,X,X,X,X,X,,,,,,TN4,36900,41900,19900,9950,,,11070,12570,5970,2985,0,0,x,1027 1308,https://dataracing.com.ar/cars/audi-a5-b9-2-0tsi-gen-3-190-hp/,,,,,
127,AUDI,Q5,,3339,,2.0TDI CR,140,180,40,42,4100,321,380,X,X,X,,X,,X,,,X,,TD2,19900,19900,11900,2975,17900,8950,5970,5970,3570,892.5,5370,2685,399,1165 269,https://dataracing.com.ar/cars/vw-vento-mk6-2-0tdi-cr-140-hp/,,,,,
113,AUDI,Q5,,,,20TDI CR,170,210,40,,,,,X,X,X,,X,,X,,X,X,,TD3,24900,24900,14900,3725,22900,11450,7470,7470,4470,1117.5,6870,3435,501,1221 146,https://dataracing.com.ar/cars/audi-q5-2-0tdi-cr-140-hp/,,,,,
112,AUDI,Q5,,3194,,2.0TFSI,211,265,48,66,5400,360,439,X,X,X,X,X,X,,,X,X,,TN2,24900,28900,13900,6950,,,7470,8670,4170,2085,0,0,x,1304 293,https://dataracing.com.ar/cars/audi-a5-b8-2-0tfsi-211-hp/,,,,,
129,AUDI,Q5,,3258,,2.0TSI MQB,220,300,80,93,4400,348,474,X,X,X,X,X,X,,,,,,TN4,36900,41900,19900,9950,,,11070,12570,5970,2985,0,0,473,830,https://dataracing.com.ar/cars/vw-golf-gti-2-0tsi-220-hp/,,,,,
139,AUDI,Q5,,3362,,20TSI GEN3,252,310,58,69,4400,370,474,X,X,X,X,X,X,,,,,,TN4,36900,41900,19900,9950,,,11070,12570,5970,2985,0,0,473,830,https://dataracing.com.ar/cars/audi-a4-b8-2-0tsi-gen-3-252-hp/,,,,,
102,AUDI,TT MK1,,3084,,1.8T,180,215,35,56,4600,235,335,X,X,X,X,X,X,,,X,,X,TN1,19900,24900,11900,5950,,,5970,7470,3570,1785,0,0,39,53,https://dataracing.com.ar/cars/vw-bora-1-8t-180-hp/,,,,,
110,AUDI,TT MK1,,,,1.8T,210,250,40,,,,,X,X,X,X,X,X,,,X,,,TN1,19900,24900,11900,5950,,,5970,7470,3570,1785,0,0,38,48,,,,,,
111,AUDI,TT MK2,,3190,,1.8TFSI,163,218,47,64,4200,256,365,X,X,X,X,X,X,,,X,X,,TN1,19900,24900,11900,5950,,,5970,7470,3570,1785,0,0,39,53,https://dataracing.com.ar/cars/audi-tt-mk2-1-8tfsi-163-hp/,,,,,
112,AUDI ,TT MK2,,3194,,2.0TFSI,211,265,48,66,5400,360,439,X,X,X,X,X,X,,,X,X,,TN2,24900,28900,13900,6950,,,7470,8670,4170,2085,0,0,x,1304 293,https://dataracing.com.ar/cars/audi-a5-b8-2-0tfsi-211-hp/,,,,,
114,AUDI,TT MK2,,3344,,3.2 V6,250,270,20,20,6200,318,340,X,X,X,X,X,X,,,X,,,A3,18900,21900,12900,6450,,,5670,6570,3870,1935,0,0,120,52,https://dataracing.com.ar/cars/audi-tt-mk-2-3-2-v6-250-hp/,,,,,
401,BRP,Sea-doo,,,,RXP215,215,230,15,,,,,,X,X,X,X,,,,,,,TN2,24900,28900,13900,6950,,,7470,8670,4170,2085,0,0,x,1285 180,,,,,,
402,BRP,Sea-doo,,,,RXT260,260,280,20,,,,,,X,X,X,X,,,,,,,TN2,24900,28900,13900,6950,,,7470,8670,4170,2085,0,0,x,1285 180,,,,,,
403,BRP,Sea-doo spark,,,,Spark 900,60-90,105,15,,,,,,X,X,X,X,,,,,,,TN2,24900,28900,13900,6950,,,7470,8670,4170,2085,0,0,x,180,,,,,,
404,BRP,Sea-doo GTI,,,,GTI 1500,130,145,15,,,,,,X,X,X,X,,,,,,,TN2,24900,28900,13900,6950,,,7470,8670,4170,2085,0,0,x,1285 180,,,,,,
501,BMW,SERIE 1 Exx,,4346,,116i,116,126,10,10,5100,150,292,,X,X,X,X,X,,,,,,A3,18900,21900,12900,6450,,,5670,6570,3870,1935,0,0,,171,https://dataracing.com.ar/cars/bmw-116-i-1-6l-116-hp/,,,,,
502,BMW,SERIE 1 Exx,,4384,,118i,143,156,13,16,5100,190,254,,X,X,X,X,X,,,,,,A3,18900,21900,12900,6450,,,5670,6570,3870,1935,0,0,202,991,https://dataracing.com.ar/cars/bmw-118i-1-8l-143-hp/,,,,,
503,BMW,SERIE 1 Exx,,4390,,120i 320i,168,178,15,15,5100,210,222,,X,X,X,X,X,,,,,,A4,24900,28900,14900,7450,,,7470,8670,4470,2235,0,0,202,991,https://dataracing.com.ar/cars/bmw-120i-3320-i-2-0l-163-hp/,,,,,
504,BMW,SERIE 1 Exx,,4348,,120d 320d,177,215,38,38,4100,350,423,,X,X,,X,,X,X,,X,,TD3,24900,24900,14900,3725,22900,11450,7470,7470,4470,1117.5,6870,3435,215 692,1208 154,https://dataracing.com.ar/cars/bmw-120d-320d-x1-2-0d-177-hp-n47/,,,,,
505,BMW,SERIE 1 Exx,,4350,,125i 325i,218,236,18,18,6600,250,261,X,X,X,X,X,X,,,,,,A4,24900,28900,14900,7450,,,7470,8670,4470,2235,0,0,202,990,https://dataracing.com.ar/cars/bmw-125i-325i-3-0l-218-hp-n53/,,,,,
506,BMW,SERIE 1 Exx,,4360,,130i 330i,265,280,15,20,5800,310,331,X,X,X,X,X,X,,,,,,A4,24900,28900,14900,7450,,,7470,8670,4470,2235,0,0,202,986,https://dataracing.com.ar/cars/bmw-130i-330i-3-0l-265-hp-n53/,,,,,
507,BMW,SERIE 1 Exx,,4365,,135i 335i N54,306,355,49,50,4500,400,525,X,X,X,X,X,X,,,,,,TN4,36900,41900,19900,9950,,,11070,12570,5970,2985,0,0,202,986,https://dataracing.com.ar/cars/bmw-135i-335i-3-0tt-306-hp-n54/,,,,,
508,BMW,SERIE 1 Exx,,4365,,135i 335i N55,306,355,49,50,4500,400,525,X,X,X,X,X,X,,,,,,TN4,36900,41900,19900,9950,,,11070,12570,5970,2985,0,0,695,1351 215,https://dataracing.com.ar/cars/bmw-135i-335i-x5-x6-3-0t-306-hp-n55/,,,,,
509,BMW,SERIE 1 Exx,,x,,M1,340,390,50,,,500,,X,X,X,X,X,X,,,,,,TN4,36900,41900,19900,9950,,,11070,12570,5970,2985,0,0,629,1357 678,,,,,,
532,BMW,SERIE 1 Fxx,,4393,,1.6T,170,205,35,27,4900,250,332,X,X,X,X,X,X,,,,,,TN4,36900,41900,19900,9950,,,11070,12570,5970,2985,0,0,629,1355 679,https://dataracing.com.ar/cars/bmw-118i-1-6t-170-hp-n13/,,,,,
535,BMW,SERIE 1 Fxx,,4395,,120d 320d,184,220,36,35,4100,380,471,X,X,X,,X,,X,X,,,,TD3,24900,24900,14900,3725,22900,11450,7470,7470,4470,1117.5,6870,3435,628,1175 668,https://dataracing.com.ar/cars/bmw-120d-320d-2-0d-184-hp-n47/,,,,,
537,BMW,SERIE 1 Fxx,,4450,,118D 318D,141,170,29,30,4200,320,411,X,X,X,,X,,X,X,,,,TD3,24900,24900,14900,3725,22900,11450,7470,7470,4470,1117.5,6870,3435,215 692,1208 154,https://dataracing.com.ar/cars/bmw-118-d-318d-2-0d-141-hp-n47/,,,,,
523,BMW,SERIE 1 F20 LCI 118i,,4377,,15T B38,136,180,44,47,5100,220,284,X,X,X,X,X,X,,,,,,TN4,36900,41900,19900,9950,,,11070,12570,5970,2985,0,0,629,1353 719,https://dataracing.com.ar/cars/bmw-118i-1-5t-136-hp-b37/,,,,,
538,BMW,SERIE 1 F20 LCI 120i,,4465,,16T N13,174,210,36,44,6100,250,296,X,X,X,X,X,X,,,,,,TN4,36900,41900,19900,9950,,,11070,12570,5970,2985,0,0,629,1355 679,https://dataracing.com.ar/cars/bmw-120i-320i-1-6t-174-hp-n13/,,,,,
540,BMW,SERIE 1 F20 LCI 120i,,,,20t B48 192hp,192,250,58,57,5900,280,328,X,X,X,X,X,X,,,,,,TN4,36900,41900,19900,9950,,,11070,12570,5970,2985,0,0,702,1401,,,,,,
542,BMW,SERIE 1 F20 LCI 140i,,,,30T B58 ,340,400,60,65,4800,500,600,X,X,X,X,X,X,,,,,,TN6,59900,69900,22900,11450,,,17970,20970,6870,3435,0,0,702,1419,,,,,,
514,BMW,SERIE 2 F21,,4375,,M2,370,410,40,45,5700,465,528,X,X,X,X,X,X,,,,,,TN4,36900,41900,19900,9950,,,11070,12570,5970,2985,0,0,629,1357 678,,,,,,
534,BMW,SERIE 2 F22,,2740,x,2.0t n20,184,255,71,74,5900,270,379,X,X,X,X,X,X,,,,,,TN4,36900,41900,19900,9950,,,11070,12570,5970,2985,0,0,629,1355 679,https://dataracing.com.ar/cars/bmw-328i-428i-x1-2-0t-245-hp-n20/,,,,,
539,BMW,SERIE 2 F 235I,,,x,135i 235i 335i 435i N55 Fxx,306,355,49,50,4500,400,525,X,X,X,X,X,X,,,,,,TN5,44900,54900,19900,9950,,,13470,16470,5970,2985,0,0,629,1356 679,,,,,,
540,BMW,SERIE 2 F 220i,,,,20t B48 192hp,192,250,58,57,5900,280,328,X,X,X,X,X,X,,,,,,TN4,36900,41900,19900,9950,,,11070,12570,5970,2985,0,0,702,1401,,,,,,
542,BMW,SERIE 2 F 240i,,,,30T B58 ,340,400,60,65,4800,500,600,X,X,X,X,X,X,,,,,,TN6,59900,69900,22900,11450,,,17970,20970,6870,3435,0,0,702,1419,,,,,,
511,BMW,SERIE 3 E36,,x,,318i,115,123,8,,,162,,X,X,X,X,X,X,,,,,,A3,18900,21900,12900,6450,,,5670,6570,3870,1935,0,0,250,x,,,,,,
533,BMW,SERIE 3 E36,,x,,2.0td,90,115,25,,,,,,X,X,,X,,X,,,,,TD3,24900,24900,14900,3725,22900,11450,7470,7470,4470,1117.5,6870,3435,x,x,,,,,,
512,BMW,SERIE 3 E36,,x,,323i,170,185,15,16,4900,245,269,X,X,X,X,X,X,,,,,,A4,24900,28900,14900,7450,,,7470,8670,4470,2235,0,0,145,x,,,,,,
513,BMW,SERIE 3 E36,,x,,325i,192,211,19,22,6300,250,279,X,X,X,X,X,X,,,,,,A4,24900,28900,14900,7450,,,7470,8670,4470,2235,0,0,145,x,,,,,,
515,BMW,SERIE 3 E46,,x,,320d,136,166,30,,,,,X,X,X,,X,,X,X,,X,,TD2,19900,19900,11900,2975,17900,8950,5970,5970,3570,892.5,5370,2685,50,x,,,,,,
516,BMW,SERIE 3 E46,,x,,320i,170,190,20,,,,,X,X,X,X,X,X,,,,,,A3,18900,21900,12900,6450,,,5670,6570,3870,1935,0,0,59,x,,,,,,
513,BMW,SERIE 3 E46,,x,,325i,192,211,19,22,6300,250,279,X,X,X,X,X,X,,,,,,A4,24900,28900,14900,7450,,,7470,8670,4470,2235,0,0,145,x,,,,,,
517,BMW,SERIE 3 E46,,x,,328i,193,210,17,,,,,X,X,X,X,X,X,,,,,,A4,24900,28900,14900,7450,,,7470,8670,4470,2235,0,0,60,x,,,,,,
518,BMW,SERIE 3 E46,,x,,330i,228,244,16,,,,,X,X,X,X,X,X,,,,,,A4,24900,28900,14900,7450,,,7470,8670,4470,2235,0,0,59,x,,,,,,
519,BMW,SERIE 3 E46,,x,,M3,343,360,17,,,,,X,X,X,X,X,X,,,,,,A4,24900,28900,14900,7450,,,7470,8670,4470,2235,0,0,132,x,,,,,,
504,BMW,SERIE 3 E90,,4348,,120d 320d,177,215,38,38,4100,350,423,,X,X,,X,,X,X,,X,,TD3,24900,24900,14900,3725,22900,11450,7470,7470,4470,1117.5,6870,3435,215 692,1208 154,https://dataracing.com.ar/cars/bmw-120d-320d-x1-2-0d-177-hp-n47/,,,,,
503,BMW,SERIE 3 E90,,4390,,120i 320i,168,178,15,15,5100,210,222,,X,X,X,X,X,,,,,,A4,24900,28900,14900,7450,,,7470,8670,4470,2235,0,0,202,991,https://dataracing.com.ar/cars/bmw-120i-3320-i-2-0l-163-hp/,,,,,
520,BMW,SERIE 3 E90,,x,,323i,177,192,15,,,,,X,X,X,X,X,X,,,,,,A4,24900,28900,14900,7450,,,7470,8670,4470,2235,0,0,145,x,,,,,,
505,BMW,SERIE 3 E90,,4350,,125i 325i,218,236,18,18,6600,250,261,X,X,X,X,X,X,,,,,,A4,24900,28900,14900,7450,,,7470,8670,4470,2235,0,0,202,990,https://dataracing.com.ar/cars/bmw-125i-325i-3-0l-218-hp-n53/,,,,,
506,BMW,SERIE 3 E90,,4360,,130i 330i,265,280,15,20,5800,310,331,X,X,X,X,X,X,,,,,,A4,24900,28900,14900,7450,,,7470,8670,4470,2235,0,0,202,986,https://dataracing.com.ar/cars/bmw-130i-330i-3-0l-265-hp-n53/,,,,,
521,BMW,SERIE 3 E90,,4386,,330d,245,290,45,48,4200,520,620,X,X,X,,X,,X,X,,,,TD3,24900,24900,14900,3725,22900,11450,7470,7470,4470,1117.5,6870,3435,164,100,,,,,,
507,BMW,SERIE 3 E90,,4365,,135i 335i N54,306,355,49,50,4500,400,525,X,X,X,X,X,X,,,,,,TN4,36900,41900,19900,9950,,,11070,12570,5970,2985,0,0,202,986,https://dataracing.com.ar/cars/bmw-135i-335i-3-0tt-306-hp-n54/,,,,,
522,BMW,SERIE 3 E90,,4397,,M3,420,440,20,19,4600,500,602,X,X,X,X,X,X,,,,,,TN4,36900,41900,19900,9950,,,11070,12570,5970,2985,0,0,205,117,,,,,,
534,BMW,SERIE 3 F 320i,,2740,x,2.0t n20,184,255,71,74,5900,270,379,X,X,X,X,X,X,,,,,,TN4,36900,41900,19900,9950,,,11070,12570,5970,2985,0,0,629,1355 679,https://dataracing.com.ar/cars/bmw-328i-428i-x1-2-0t-245-hp-n20/,,,,,
510,BMW,SERIE 3 F 328i,,4367,,28i N20 245HP,245,290,45,45,5100,350,427,X,X,X,X,X,X,,,,,,TN4,36900,41900,19900,9950,,,11070,12570,5970,2985,0,0,629,1355 679,,,,,,
541,BMW,SERIE 3 F 330i,,,,20T B48 252HP,252,287,35,37,4900,350,450,X,X,X,X,X,X,,,,,,TN5,44900,54900,19900,9950,,,13470,16470,5970,2985,0,0,702,1419,,,,,,
542,BMW,SERIE 3 F 340i,,,,30T B58 ,340,400,60,65,4800,500,600,X,X,X,X,X,X,,,,,,TN6,59900,69900,22900,11450,,,17970,20970,6870,3435,0,0,702,1419,,,,,,
510,BMW,SERIE 4 F 428i,,4367,,28i N20 245HP,245,290,45,45,5100,350,427,X,X,X,X,X,X,,,,,,TN4,36900,41900,19900,9950,,,11070,12570,5970,2985,0,0,629,1355 679,,,,,,
541,BMW,SERIE 4 F 430i,,,,20T B48 252HP,252,287,35,37,4900,350,450,X,X,X,X,X,X,,,,,,TN5,44900,54900,19900,9950,,,13470,16470,5970,2985,0,0,702,1419,,,,,,
542,BMW,SERIE 4 F 440i,,,,30T B58 ,340,400,60,65,4800,500,600,X,X,X,X,X,X,,,,,,TN6,59900,69900,22900,11450,,,17970,20970,6870,3435,0,0,702,1419,,,,,,
525,BMW,SERIE 5 E69,,4379,,4.4i,286,308,22,29,4600,440,470,X,X,X,X,X,X,,,,,,#N/D,#N/A,#N/A,#N/A,#N/A,#N/A,#N/A,#N/A,#N/A,#N/A,#N/A,#N/A,#N/A,148,604,,,,,,
504,BMW,SERIE 5 E60,,4348,,120d 320d,177,215,38,38,4100,350,423,,X,X,,X,,X,X,,X,,TD3,24900,24900,14900,3725,22900,11450,7470,7470,4470,1117.5,6870,3435,215 692,1208 154,https://dataracing.com.ar/cars/bmw-120d-320d-x1-2-0d-177-hp-n47/,,,,,
521,BMW,SERIE 5 E60,,4386,,330d,245,290,45,48,4200,520,620,X,X,X,,X,,X,X,,,,TD3,24900,24900,14900,3725,22900,11450,7470,7470,4470,1117.5,6870,3435,164,100,,,,,,
521,BMW,SERIE 5 E60,,4386,,330d,245,290,45,48,4200,520,620,X,X,X,,X,,X,X,,,,TD3,24900,24900,14900,3725,22900,11450,7470,7470,4470,1117.5,6870,3435,164,100,,,,,,
536,BMW,SERIE 5 F10,,x,,530d n57,255,310,55,,,,,X,X,X,,X,,X,X,,,,TD4,35900,35900,19900,4975,24900,12450,10770,10770,5970,1492.5,7470,3735,628,1184 670,,,,,,
524,BMW,SERIE 5 E60,,x,,M5 V10,507,525,18,,,,,X,X,X,X,X,X,,,,,,TN4,36900,41900,19900,9950,,,11070,12570,5970,2985,0,0,205,x,,,,,,
524,BMW,SERIE 6 E63,,x,,M5 V10,507,525,18,,,,,X,X,X,X,X,X,,,,,,TN4,36900,41900,19900,9950,,,11070,12570,5970,2985,0,0,205,x,,,,,,
504,BMW,X1,,4348,,120d 320d,177,215,38,38,4100,350,423,,X,X,,X,,X,X,,X,,TD3,24900,24900,14900,3725,22900,11450,7470,7470,4470,1117.5,6870,3435,215 692,1208 154,https://dataracing.com.ar/cars/bmw-120d-320d-x1-2-0d-177-hp-n47/,,,,,
540,BMW,X1 F 20i,,,,20t B48 192hp,192,250,58,57,5900,280,328,X,X,X,X,X,X,,,,,,TN4,36900,41900,19900,9950,,,11070,12570,5970,2985,0,0,702,1401,,,,,,
504,BMW,X3,,4348,,120d 320d,177,215,38,38,4100,350,423,,X,X,,X,,X,X,,X,,TD3,24900,24900,14900,3725,22900,11450,7470,7470,4470,1117.5,6870,3435,215 692,1208 154,https://dataracing.com.ar/cars/bmw-120d-320d-x1-2-0d-177-hp-n47/,,,,,
505,BMW,X3,,4350,,125i 325i,218,236,18,18,6600,250,261,X,X,X,X,X,X,,,,,,A4,24900,28900,14900,7450,,,7470,8670,4470,2235,0,0,202,990,https://dataracing.com.ar/cars/bmw-125i-325i-3-0l-218-hp-n53/,,,,,
506,BMW,X3,,4360,,130i 330i,265,280,15,20,5800,310,331,X,X,X,X,X,X,,,,,,A4,24900,28900,14900,7450,,,7470,8670,4470,2235,0,0,202,986,https://dataracing.com.ar/cars/bmw-130i-330i-3-0l-265-hp-n53/,,,,,
521,BMW,X5,,4386,,330d,245,290,45,48,4200,520,620,X,X,X,,X,,X,X,,,,TD3,24900,24900,14900,3725,22900,11450,7470,7470,4470,1117.5,6870,3435,164,100,,,,,,
521,BMW,X5,,4386,,330d,245,290,45,48,4200,520,620,X,X,X,,X,,X,X,,,,TD3,24900,24900,14900,3725,22900,11450,7470,7470,4470,1117.5,6870,3435,164,100,,,,,,
525,BMW,X5,,4379,,4.4i,286,308,22,29,4600,440,470,X,X,X,X,X,X,,,,,,#N/D,#N/A,#N/A,#N/A,#N/A,#N/A,#N/A,#N/A,#N/A,#N/A,#N/A,#N/A,#N/A,148,604,,,,,,
527,BMW,X5,,x,,M V8 Bi Turbo,555,600,45,,,,,X,X,X,X,X,X,,,,,,#N/D,#N/A,#N/A,#N/A,#N/A,#N/A,#N/A,#N/A,#N/A,#N/A,#N/A,#N/A,#N/A,202,x,,,,,,
521,BMW,X5,,4386,,330d,245,290,45,48,4200,520,620,X,X,X,,X,,X,X,,,,TD3,24900,24900,14900,3725,22900,11450,7470,7470,4470,1117.5,6870,3435,164,100,,,,,,
529,BMW,X5,,x,,3.0i,258,270,12,,,,,X,X,X,X,X,X,,,,,,#N/D,#N/A,#N/A,#N/A,#N/A,#N/A,#N/A,#N/A,#N/A,#N/A,#N/A,#N/A,#N/A,202,986,,,,,,
527,BMW,X6,,x,,M V8 Bi Turbo,555,600,45,,,,,X,X,X,X,X,X,,,,,,#N/D,#N/A,#N/A,#N/A,#N/A,#N/A,#N/A,#N/A,#N/A,#N/A,#N/A,#N/A,#N/A,202,x,,,,,,
508,BMW,X6,,4365,,135i 335i N55,306,355,49,50,4500,400,525,X,X,X,X,X,X,,,,,,TN4,36900,41900,19900,9950,,,11070,12570,5970,2985,0,0,695,1351 215,https://dataracing.com.ar/cars/bmw-135i-335i-x5-x6-3-0t-306-hp-n55/,,,,,
530,BMW,X6,,x,,50i,407,460,53,,,,,X,X,X,X,X,X,,,,,,#N/D,#N/A,#N/A,#N/A,#N/A,#N/A,#N/A,#N/A,#N/A,#N/A,#N/A,#N/A,#N/A,202,989,,,,,,
531,BMW,Serie Z,,x,,1.9l,118,126,8,,,,,X,X,X,X,X,X,,,,,,#N/D,#N/A,#N/A,#N/A,#N/A,#N/A,#N/A,#N/A,#N/A,#N/A,#N/A,#N/A,#N/A,249,x,,,,,,
517,BMW,Serie Z,,x,,328i,193,210,17,,,,,X,X,X,X,X,X,,,,,,A4,24900,28900,14900,7450,,,7470,8670,4470,2235,0,0,60,x,,,,,,
601,CHEVROLET,Astra,,3892,,2.0 8v,116,128,12,14,4900,170,187,X,X, ,X,X, ,,,X,,,A2,15900,17900,9900,4950,,,4770,5370,2970,1485,0,0,26,x,,,,,,
603,CHEVROLET,Astra,,x,,2.0 DTI,100,125,25,,,,,X,X,X,,X,,X,,,,,A2,15900,17900,9900,4950,,,4770,5370,2970,1485,0,0,25,x,,,,,,
602,CHEVROLET,Astra,,3890,,2.4 16v,150,164,14,17,4900,228,267,X,X,X,X,X, ,,,X,,,A2,15900,17900,9900,4950,,,4770,5370,2970,1485,0,0,x,224,,,,,,
604,CHEVROLET,Corsa,,3894,,1.4l,94,102,8,10,6200,127,136,X,X,X,X,X, ,,,X,,,A1,13900,15900,8900,4450,,,4170,4770,2670,1335,0,0,26,x,,,,,,
605,CHEVROLET,Corsa,,x,,1.6l 8v ,100,110,10,,,,,,X, ,X,X, ,,,X,,,A1,13900,15900,8900,4450,,,4170,4770,2670,1335,0,0,x,x,,,,,,
606,CHEVROLET,Corsa,,x,,1.8l,102,114,12,,,,,X,X,X,X,X, ,,,X,,,A1,13900,15900,8900,4450,,,4170,4770,2670,1335,0,0,26,x,,,,,,
607,CHEVROLET,Cruze,,,,1.8l,140,154,14,15,5200,176,199,X,X,X,X,X, ,,,,,,A2,15900,17900,9900,4950,,,4770,5370,2970,1485,0,0,306,333,,,,,,
608,CHEVROLET,Cruze,,3903,,2.0vcdi,150,186,36,39,2800,320,388,X,X,X,,X,,X,X,,,,TD2,19900,19900,11900,2975,17900,8950,5970,5970,3570,892.5,5370,2685,95,74,,,,,,
616,CHEVROLET,Cruze,,3906,,2.0vcdi,163,192,29,32,2800,360,438,X,X,X,,X,,X,X,,,,TD2,19900,19900,11900,2975,17900,8950,5970,5970,3570,892.5,5370,2685,373,1046 458,,,,,,
615,CHEVROLET,Cruze,,x,,1.4T,150,180,30,,,,,X,X,X,X,X,X,,,,,,TN3,27900,31900,15900,7950,,,8370,9570,4770,2385,0,0,739,x,,,,,,
608,CHEVROLET,Captiva,,3903,,2.0vcdi,150,186,36,39,2800,320,388,X,X,X,,X,,X,X,,,,TD2,19900,19900,11900,2975,17900,8950,5970,5970,3570,892.5,5370,2685,95,74,,,,,,
616,CHEVROLET,Captiva,,3906,,2.0vcdi,163,192,29,32,2800,360,438,X,X,X,,X,,X,X,,,,TD2,19900,19900,11900,2975,17900,8950,5970,5970,3570,892.5,5370,2685,373,1046 458,,,,,,
601,CHEVROLET,Vectra,,3892,,2.0 8v,116,128,12,14,4900,170,187,X,X, ,X,X, ,,,X,,,A2,15900,17900,9900,4950,,,4770,5370,2970,1485,0,0,26,x,,,,,,
602,CHEVROLET,Vectra,,3890,,2.4 16v,150,164,14,17,4900,228,267,X,X,X,X,X, ,,,X,,,A2,15900,17900,9900,4950,,,4770,5370,2970,1485,0,0,x,224,,,,,,
604,CHEVROLET,Celta,,3894,,1.4l,94,102,8,10,6200,127,136,X,X,X,X,X, ,,,X,,,A1,13900,15900,8900,4450,,,4170,4770,2670,1335,0,0,26,x,,,,,,
609,CHEVROLET,Celta,,3914,,1.0l,60,66,6,7,5200,81,88,X,X, ,X,X,X,,,X,,,A1,13900,15900,8900,4450,,,4170,4770,2670,1335,0,0,20,x,,,,,,
610,CHEVROLET,S10,,3922,,2.8TD,140,170,30,32,3100,347,397,,X,X,,X,,X,,X,,,C1,19900,19900,11900,2975,17900,8950,5970,5970,3570,892.5,5370,2685,x,17  1492,,,,,,
611,CHEVROLET,S10 NUEVA,,2643,x,2.8TD,200,240,40,42,3300,440,585,X,X,X,,X,,X,X,,,,C2,21900,21900,13900,3475,19900,9950,6570,6570,4170,1042.5,5970,2985,568,x,,,,,,
611,CHEVROLET,TRAILBLAZER,,2643,,2.8TD,200,240,40,42,3300,440,585,X,X,X,,X,,X,X,,,,C2,21900,21900,13900,3475,19900,9950,6570,6570,4170,1042.5,5970,2985,568,x,,,,,,
612,CHEVROLET,MONTANA,,3916,,1.8l,105,116,11,12,5100,161,178,X,X,X,X,X, ,,,,,,A2,15900,17900,9900,4950,,,4770,5370,2970,1485,0,0,380,465,,,,,,
612,CHEVROLET,PRISMA,,3916,,1.8l,105,116,11,12,5100,161,178,X,X,X,X,X, ,,,,,,A2,15900,17900,9900,4950,,,4770,5370,2970,1485,0,0,380,465,,,,,,
613,CHEVROLET,AGILE,,3924,,1.4L,92,100,8,8,4900,120,133,X,X,X,X,X, ,,,,,,A2,15900,17900,9900,4950,,,4770,5370,2970,1485,0,0,380,465,,,,,,
613,CHEVROLET,ONIX,,3924,,1.4L,92,100,8,8,4900,120,133,X,X,X,X,X, ,,,,,,A2,15900,17900,9900,4950,,,4770,5370,2970,1485,0,0,380,465,,,,,,
614,CHEVROLET,SONIC,,3918,,1.6L,115,125,10,11,4300,155,171,X,X,X,X,X, ,,,,,,A2,15900,17900,9900,4950,,,4770,5370,2970,1485,0,0,380,465,,,,,,
701,CITROEN,Berlingo,,2826,,1.6HDI,92,125,33,34,3700,230,277,,X,X,,X,,X,X,,,,TD2,19900,19900,11900,2975,17900,8950,5970,5970,3570,892.5,5370,2685,x,198,,,,,,
702,CITROEN,Berlingo,,2828,,2.0HDI,90,120,30,33,3600,205,278,X,X,X,,X,,X,,,,,TD1,16900,16900,10900,2725,15900,7950,5070,5070,3270,817.5,4770,2385,2,x,,,,,,
704,CITROEN,C3,,2832,,1.6 16v,109,119,10,11,4700,147,162,X,X,X,X,X,X,,,X,,,A1,13900,15900,8900,4450,,,4170,4770,2670,1335,0,0,74,25,,,,,,
703,CITROEN,C4,,2830,,2.0HDI,110,135,25,33,3600,250,299,X,X,X,,X,,X,,,,,TD1,16900,16900,10900,2725,15900,7950,5070,5070,3270,817.5,4770,2385,58,60,,,,,,
704,CITROEN,C4,,2832,,1.6 16v,109,119,10,11,4700,147,162,X,X,X,X,X,X,,,X,,,A1,13900,15900,8900,4450,,,4170,4770,2670,1335,0,0,74,25,,,,,,
705,CITROEN,C4,,2836,,2.0l,140,154,14,15,5100,200,221,X,X,X,X,X,X,,,X,,,A2,15900,17900,9900,4950,,,4770,5370,2970,1485,0,0,42 247,45,,,,,,
705,CITROEN,C4 LAUNGE,,2836,,2.0l,140,154,14,15,5100,200,221,X,X,X,X,X,X,,,X,,,A2,15900,17900,9900,4950,,,4770,5370,2970,1485,0,0,42 247,45,,,,,,
706,CITROEN,C4 LAUNGE,,2838,,1.6HDI,115,142,27,28,3500,270,312,,X,X, ,X,,X,X,,,,TD2,19900,19900,11900,2975,17900,8950,5970,5970,3570,892.5,5370,2685,58,60,,,,,,
707B,CITROEN,C4 LAUNGE,,2842,,1.6THP,163,185,22,24,5100,240,297,,X,X,X,X,X,,,X,,,TN2,24900,28900,13900,6950,,,7470,8670,4170,2085,0,0,x,305,,,,,,
713,CITROEN,C4 LAUNGE 2016,,2856,,1.6THP,165,200,35,47,4600,240,315,,X,X,X,X,X,,, ,,,TN2,24900,28900,13900,6950,,,7470,8670,4170,2085,0,0,x,729 317,,,,,,
708,CITROEN,C4 VTS,,2847,,2.0l,180,195,15,16,6900,202,222,X,X,X,X,X,X,,,,,,A2,15900,17900,9900,4950,,,4770,5370,2970,1485,0,0,37,46,,,,,,
703,CITROEN,C5,,2830,,2.0HDI,110,135,25,33,3600,250,299,X,X,X,,X,,X,,,,,TD1,16900,16900,10900,2725,15900,7950,5070,5070,3270,817.5,4770,2385,58,60,,,,,,
707B,CITROEN,C5,,2842,,1.6THP,163,185,22,24,5100,240,297,,X,X,X,X,X,,,X,,,TN2,24900,28900,13900,6950,,,7470,8670,4170,2085,0,0,x,305,,,,,,
701,CITROEN,C-ELISSE,,2826,,1.6HDI,92,125,33,34,3700,230,277,,X,X,,X,,X,X,,,,TD2,19900,19900,11900,2975,17900,8950,5970,5970,3570,892.5,5370,2685,x,198,,,,,,
711,CITROEN,C-ELISSE,,2852,,1.6 16v,115,124,9,11,5600,152,165,,X,X,X,X,X,,,X,,,A2,15900,17900,9900,4950,,,4770,5370,2970,1485,0,0,214,196,,,,,,
707A,CITROEN,DS3,,2840,,1.6THP,156,180,24,25,5100,240,295,X,X,X,X,X,X,,,X,,,TN2,24900,28900,13900,6950,,,7470,8670,4170,2085,0,0,214,216,,,,,,
707B,CITROEN,DS3,,2842,,1.6THP,163,185,22,24,5100,240,297,,X,X,X,X,X,,,X,,,TN2,24900,28900,13900,6950,,,7470,8670,4170,2085,0,0,x,305,,,,,,
707B,CITROEN,DS4,,2842,,1.6THP,163,185,22,24,5100,240,297,,X,X,X,X,X,,,X,,,TN2,24900,28900,13900,6950,,,7470,8670,4170,2085,0,0,x,305,,,,,,
715,CITROEN,JUMPY,R,2862,,16HDI,115,143,28,29,3600,270,330,X,X,X,,X,,X,X,,,,C3,24900,24900,17900,4475,24900,12450,7470,7470,5370,1342.5,7470,3735,715,728 1188,,,,,,
1016,CITROEN,JUMPER,,,,23D,130,160,30,,,300,360,X,X,X,,X,,X,X,,,,C2,21900,21900,13900,3475,19900,9950,6570,6570,4170,1042.5,5970,2985,,,,,,,,
1901,DODGE,RAM1500,,3755,,5.7HEMI,395,415,20,28,6000,548,584,X,X,X,X,X,X,,,,,,C4,31900,31900,17900,4475,24900,12450,9570,9570,5370,1342.5,7470,3735,625,1010,,,,,,
1902,DODGE,RAM 2500,,,,6.7L CUMMINS,390,450,60,,,1100,1250,X,X,X,,X,,X,X,,,,C5,39900,39900,29900,7475,39900,19950,11970,11970,8970,2242.5,11970,5985,730,1450,,,,,,
1001,FIAT,500 Cult,,2814,x,1.4 evo,85,93,8,9,4800,123,135,X,X,X,X,X,X,,,,,,A2,15900,17900,9900,4950,,,4770,5370,2970,1485,0,0,313,247,,,,,,
1008,FIAT,500 SPORT,,2496,x,1.4 MAIR,105,119,14,14,6600,130,144,X,X,X,X,X,X,,,,,,A3,18900,21900,12900,6450,,,5670,6570,3870,1935,0,0,243,243,,,,,,
1013,FIAT,ARGO,,2719,x,13L FIREFLY,99,107,8,9,5600,141,163,X,X,X,X,,,,,,,,A2,15900,17900,9900,4950,,,4770,5370,2970,1485,0,0,729,1473,,,,,,
1014,FIAT,ARGO,,2471,x,18L ETORQ EVO,130,142,12,14,6200,185,206,X,X,X,X,,,,,,,,A3,18900,21900,12900,6450,,,5670,6570,3870,1935,0,0,729,1473,,,,,,
1013,FIAT,CRONOS,,2719,x,13L FIREFLY,99,107,8,9,5600,141,163,X,X,X,X,,,,,,,,A2,15900,17900,9900,4950,,,4770,5370,2970,1485,0,0,729,1473,,,,,,
1014,FIAT,CRONOS,,2471,x,18L ETORQ EVO,130,142,12,14,6200,185,206,X,X,X,X,,,,,,,,A3,18900,21900,12900,6450,,,5670,6570,3870,1935,0,0,729,1473,,,,,,
1016,FIAT,DUCATO,,,,23D,130,160,30,,,300,360,X,X,X,,X,,X,X,,,,C2,21900,21900,13900,3475,19900,9950,6570,6570,4170,1042.5,5970,2985,,,,,,,,
1002,FIAT,Uno FIRE,,,,1.3L,68,73,5,,,,,,X, ,X,X, ,,,,,,A1,13900,15900,8900,4450,,,4170,4770,2670,1335,0,0,x,381,,,,,,
1001,FIAT,Uno novo,,2814,x,1.4 evo,85,93,8,9,4800,123,135,X,X,X,X,X,X,,,,,,A2,15900,17900,9900,4950,,,4770,5370,2970,1485,0,0,313,247,,,,,,
1003,FIAT,Linea,,,,1.9l,132,143,11,,,,,,X,X,X,X, ,,,,,,A2,15900,17900,9900,4950,,,4770,5370,2970,1485,0,0,65,44,,,,,,
1004,FIAT,Linea,,,,1.8l,130,142,12,,,,,X,X,X,X,X, ,,,,,,A2,15900,17900,9900,4950,,,4770,5370,2970,1485,0,0,313,247,,,,,,
1005,FIAT,Punto,,2735,x,1.3JTD,90,115,25,22,3700,205,248,X,X,X,,X,,X,,,,,TD2,19900,19900,11900,2975,17900,8950,5970,5970,3570,892.5,5370,2685,32,8,,,,,,
1006,FIAT,Punto,,2661,x,1.4l,82,90,8,8,4900,124,139,,X,X,X,X, ,,,,,,A1,13900,15900,8900,4450,,,4170,4770,2670,1335,0,0,65,44,,,,,,
1007,FIAT,Punto,,2669,x,16L 16V ETQ,115,123,8,10,5600,159,172,X,X,X,X,X, ,,,,,,A2,15900,17900,9900,4950,,,4770,5370,2970,1485,0,0,313,247,,,,,,
1006,FIAT,Palio,,2661,x,1.4l,82,90,8,8,4900,124,139,,X,X,X,X, ,,,,,,A1,13900,15900,8900,4450,,,4170,4770,2670,1335,0,0,65,44,,,,,,
1001,FIAT,Palio novo,,2814,x,1.4 evo,85,93,8,9,4800,123,135,X,X,X,X,X,X,,,,,,A2,15900,17900,9900,4950,,,4770,5370,2970,1485,0,0,313,247,,,,,,
1007,FIAT,Palio,,2669,x,16L 16V ETQ,115,123,8,10,5600,159,172,X,X,X,X,X, ,,,,,,A2,15900,17900,9900,4950,,,4770,5370,2970,1485,0,0,313,247,,,,,,
1006,FIAT,Siena,,2661,x,1.4l,82,90,8,8,4900,124,139,,X,X,X,X, ,,,,,,A1,13900,15900,8900,4450,,,4170,4770,2670,1335,0,0,65,44,,,,,,
1007,FIAT,Siena,,2669,x,16L 16V ETQ,115,123,8,10,5600,159,172,X,X,X,X,X, ,,,,,,A2,15900,17900,9900,4950,,,4770,5370,2970,1485,0,0,313,247,,,,,,
1005,FIAT,Strada,,2735,x,1.3JTD,90,115,25,22,3700,205,248,X,X,X,,X,,X,,,,,TD2,19900,19900,11900,2975,17900,8950,5970,5970,3570,892.5,5370,2685,32,8,,,,,,
1007,FIAT,Grand Siena,,2669,x,16L 16V ETQ,115,123,8,10,5600,159,172,X,X,X,X,X, ,,,,,,A2,15900,17900,9900,4950,,,4770,5370,2970,1485,0,0,313,247,,,,,,
1001,FIAT,Grand Siena ,,2814,,1.4 evo,85,93,8,9,4800,123,135,X,X,X,X,X,X,,,,,,A2,15900,17900,9900,4950,,,4770,5370,2970,1485,0,0,313,247,,,,,,
1007,FIAT,Palio sporting,,2669,x,16L 16V ETQ,115,123,8,10,5600,159,172,X,X,X,X,X, ,,,,,,A2,15900,17900,9900,4950,,,4770,5370,2970,1485,0,0,313,247,,,,,,
1009,FIAT,TORO,,2625,x,2.0MJ,170,205,35,36,3000,357,468,,X,X,,X,,X,X,,,,C1,19900,19900,11900,2975,17900,8950,5970,5970,3570,892.5,5370,2685,x,1195 733,,,,,,
1014,FIAT,TORO,,2471,x,18L ETORQ EVO,130,142,12,14,6200,185,206,X,X,X,X,,,,,,,,A3,18900,21900,12900,6450,,,5670,6570,3870,1935,0,0,729,1473,,,,,,
1011,FIAT,BRAVO,,2737,x,14T MAIR,140,165,25,39,3100,240,297,X,X,X,X,X,X,,,,,,TN1,19900,24900,11900,5950,,,5970,7470,3570,1785,0,0,243,1006 243,,,,,,
1012,FIAT,BRAVO,,,,16JTD,,150,30,,,,,X,X,X,,X,,X,X,,,,TD2,19900,19900,11900,2975,17900,8950,5970,5970,3570,892.5,5370,2685,55,70,,,,,,
1001,FIAT,Fiorino,,2814,x,1.4 evo,85,93,8,9,4800,123,135,X,X,X,X,X,X,,,,,,A2,15900,17900,9900,4950,,,4770,5370,2970,1485,0,0,313,247,,,,,,
1015,FIAT,QUBO,,,x,14L,73,79,6,,,118,,,X,X,X,,,,,,,,A2,15900,17900,9900,4950,,,4770,5370,2970,1485,0,0,,122,,,,,,
1101,FORD,Ranger,,4172,,3.0L,156,186,30,30,3200,346,398,X,X,X,,X,,X,,X,,,C1,19900,19900,11900,2975,17900,8950,5970,5970,3570,892.5,5370,2685,236,x,,,,,,
1101,FORD,Ranger,,4172,,3.0L,156,186,30,30,3200,346,398,X,X,X,,X,,X,,X,,,C1,19900,19900,11900,2975,17900,8950,5970,5970,3570,892.5,5370,2685,236,x,,,,,,
1114,FORD,Ranger,,4129,,32d,200,238,38,45,3700,470,582,X,X,X,,X,,X,X,,,,C2,21900,21900,13900,3475,19900,9950,6570,6570,4170,1042.5,5970,2985,397,510,,,,,,
1115,FORD,Ranger,,4156,,2.2TDCI,125,160,35,37,3600,350,390,X,X,X,,X,,X,X,,,,C2,21900,21900,13900,3475,19900,9950,6570,6570,4170,1042.5,5970,2985,171,20,,,,,,
1118,FORD,Ranger,,4131,,25L  ,166,182,16,18,5500,280,314,,X,X,X,X,X,,,,,,C1,19900,19900,11900,2975,17900,8950,5970,5970,3570,892.5,5370,2685,x,749,,,,,,
1103,FORD,EcoSport,,x,,1.4TDCI,68,94,26,,,,,X,X,X,,X,,X,,,,,TD1,16900,16900,10900,2725,15900,7950,5070,5070,3270,817.5,4770,2385,66,x,,,,,,
1104,FORD,EcoSport,,x,,1.6 8V,98,108,10,8,6300,152,177,X,X,X,X,X, ,,,,,,A1,13900,15900,8900,4450,,,4170,4770,2670,1335,0,0,242,393,,,,,,
1108,FORD,EcoSport,,4138,,2.0 Duratec,145,160,15,14,6100,202,221,,X,X,X,X,X,,,X,,,A2,15900,17900,9900,4950,,,4770,5370,2970,1485,0,0,233,x,,,,,,
1103,FORD,FIESTA  ,,x,,1.4TDCI,68,94,26,,,,,X,X,X,,X,,X,,,,,TD1,16900,16900,10900,2725,15900,7950,5070,5070,3270,817.5,4770,2385,66,x,,,,,,
1104,FORD,FIESTA  ,,x,,1.6 8V,98,108,10,8,6300,152,177,X,X,X,X,X, ,,,,,,A1,13900,15900,8900,4450,,,4170,4770,2670,1335,0,0,242,393,,,,,,
1106,FORD,Fiesta KD 2014,,4147,,1.6,120,132,12,9,5000,152,165,,X,X,X,X,X,,,,,,A2,15900,17900,9900,4950,,,4770,5370,2970,1485,0,0,x,663 749,,,,,,
1106,FORD,Fiesta KD,,4147,,1.6,120,132,12,9,5000,152,165,,X,X,X,X,X,,,,,,A2,15900,17900,9900,4950,,,4770,5370,2970,1485,0,0,x,663 749,,,,,,
1104,FORD,Focus  ,,x,,1.6 8V,98,108,10,8,6300,152,177,X,X,X,X,X, ,,,,,,A1,13900,15900,8900,4450,,,4170,4770,2670,1335,0,0,242,393,,,,,,
1107,FORD,Focus  ,,x,,1.8 TDCI,115,145,30,33,3900,280,353,X,X,X,,X,,X,X,,,,TD1,16900,16900,10900,2725,15900,7950,5070,5070,3270,817.5,4770,2385,171,20,,,,,,
1108,FORD,Focus  ,,x,,2.0 Duratec,145,160,15,14,6100,202,221,,X,X,X,X,X,,,X,,,A2,15900,17900,9900,4950,,,4770,5370,2970,1485,0,0,233,x,,,,,,
1109,FORD,Focus II,,4142,,1.6 16v,110,120,10,15,5400,154,177,,X,X,X,X,X,,,X,,,A2,15900,17900,9900,4950,,,4770,5370,2970,1485,0,0,233,x,,,,,,
1107,FORD,Focus II,,4170,,1.8 TDCI,115,145,30,33,3900,280,353,X,X,X,,X,,X,X,,,,TD1,16900,16900,10900,2725,15900,7950,5070,5070,3270,817.5,4770,2385,171,20,,,,,,
1108,FORD,Focus II,,4138,,2.0 Duratec,145,160,15,14,6100,202,221,,X,X,X,X,X,,,X,,,A2,15900,17900,9900,4950,,,4770,5370,2970,1485,0,0,233,x,,,,,,
1106,FORD,Focus III  ,,4147,,1.6,120,132,12,9,5000,152,165,,X,X,X,X,X,,,,,,A2,15900,17900,9900,4950,,,4770,5370,2970,1485,0,0,x,663 749,,,,,,
1110,FORD,Focus III ,,4144,,2.0 16v,170,185,15,10,6300,204,215,X,X,X,X,X,X,,,,,,A3,18900,21900,12900,6450,,,5670,6570,3870,1935,0,0,414,1363 586,,,,,,
1111,FORD,Ka ,,x,,1.0L,63,69,6,6,6000,87,97,,X,X,X,X,X,,,X,,,A1,13900,15900,8900,4450,,,4170,4770,2670,1335,0,0,x,200,,,,,,
1104,FORD,Ka ,,4136,,1.6 8V,98,108,10,8,6300,152,177,X,X,X,X,X, ,,,,,,A1,13900,15900,8900,4450,,,4170,4770,2670,1335,0,0,242,393,,,,,,
1112,FORD,Kuga,,4127,,2.5T,200,245,45,49,5000,320,370,,X,X,X,X,X,,,,,,TN1,19900,24900,11900,5950,,,5970,7470,3570,1785,0,0,272,76,,,,,,
1122,FORD,Kuga,,,,16T,150,180,30,35,4000,240,300,X,X,X,X,X,X,,,,,,TN2,24900,28900,13900,6950,,,7470,8670,4170,2085,0,0,414,1312,,,,,,
1123,FORD,Kuga,,,,16T,180,205,25,29,4000,240,310,X,X,X,X,X,X,,,,,,TN2,24900,28900,13900,6950,,,7470,8670,4170,2085,0,0,414,1312,,,,,,
1113,FORD,Mondeo,,4159,,2.0 TDCI,140,170,30,31,3100,173,217,X,X,X,,X,,X,,,,,TD2,19900,19900,11900,2975,17900,8950,5970,5970,3570,892.5,5370,2685,171,20 233,,,,,,
1116,FORD,Mondeo,,4165,,2.0T ECOBO,240,285,40,50,6000,345,410,X,X,X,X,X,X,,,,,,TN3,27900,31900,15900,7950,,,8370,9570,4770,2385,0,0,414,1363 586,,,,,,
1117,FORD,Mondeo,,x,,22TDCI,155,185,30,,,,,X,X,X,,X,,X,,,,,TD2,19900,19900,11900,2975,17900,8950,5970,5970,3570,892.5,5370,2685,171,20,,,,,,
1119,FORD,Mondeo,,4162,,25T,230,265,32,34,4900,320,370,,X,X,X,X,X,,,,,,TN1,19900,24900,11900,5950,,,5970,7470,3570,1785,0,0,272,76,,,,,,
1115,FORD,TRANSIT,,4156,,2.2TDCI,125,160,35,37,3600,350,390,X,X,X,,X,,X,X,,,,C2,21900,21900,13900,3475,19900,9950,6570,6570,4170,1042.5,5970,2985,171,20,,,,,,
1120,FORD,F100 DUTY,,4167,,3.9D CUMMINS,203,245,42,42,2200,550,670,X,X,X,,X,X,X,,,,,C3,24900,24900,17900,4475,24900,12450,7470,7470,5370,1342.5,7470,3735,221,31,,,,,,
1121,FORD,F150 RAPTOR,,4167,,35T ECOB,450,500,50,,,691,765,X,X,X,X,X,X,,,,,,ESP1,50900,59900,19900,9950,,,15270,17970,5970,2985,0,0,711,,,,,,,
1201,HYUNDAI,Genesis,,4261,,2.0T,210,240,30,30,4800,300,332,,X,X,X,X,X,,,,,,TN2,24900,28900,13900,6950,,,7470,8670,4170,2085,0,0,x,194,,,,,,
1202,HYUNDAI,Genesis,,4258,,2.0T,275,315,40,40,4900,373,420,,X,X,X,X,X,,,,,,TN2,24900,28900,13900,6950,,,7470,8670,4170,2085,0,0,x,194,,,,,,
1204,HYUNDAI,Genesis,,4255,,3.8L V6,303,323,20,22,3800,302,343,,X,X,X,X,X,,,,,,A3,18900,21900,12900,6450,,,5670,6570,3870,1935,0,0,x,938,,,,,,
1203,HYUNDAI,Veloster,,4265,,1.6L 16v,140,152,12,14,4800,158,175,,X,X,X,X,X,,,,,,A3,18900,21900,12900,6450,,,5670,6570,3870,1935,0,0,x,550,,,,,,
1205,HYUNDAI,I10,,,,1.2L,86,93,7,,,,,,X,X,X,X,X,,,,,,A2,15900,17900,9900,4950,,,4770,5370,2970,1485,0,0,,339 1291,,,,,,
1801,IVECO,DAILY,,,,30D,170,210,40,,,,,,X,X,,X,,X,X,,,,C2,21900,21900,13900,3475,19900,9950,6570,6570,4170,1042.5,5970,2985,336,1174,,,,,,
1014,JEEP,RENEGADE,,2471,,18L ETORQ EVO,130,142,12,14,6200,185,206,X,X,X,X,,,,,,,,A3,18900,21900,12900,6450,,,5670,6570,3870,1935,0,0,729,1473,,,,,,
1009,JEEP,RENEGADE,,2625,,2.0MJ,170,205,35,36,3000,357,468,,X,X,,X,,X,X,,,,C1,19900,19900,11900,2975,17900,8950,5970,5970,3570,892.5,5370,2685,x,1195 733,,,,,,
1701,HONDA,CIVIC,,3765,,1.8l,140,154,14,14,6500,174,194,,X,X,X,X,X,,,,,,A2,15900,17900,9900,4950,,,4770,5370,2970,1485,0,0,655,492,,,,,,
1702,HONDA,CIVIC SI,,3767,,2.0L 16V,200,220,20,42,6000,188,200,,X,X,X,X,X,,,,,,A4,24900,28900,14900,7450,,,7470,8670,4470,2235,0,0,655,492,,,,,,
1301,KTM,DUKE 200,,,,200CC,26,28,2,,,,,,X,X, ,X, ,,,,,,#N/D,#N/A,#N/A,#N/A,#N/A,#N/A,#N/A,#N/A,#N/A,#N/A,#N/A,#N/A,#N/A,x,418,,,,,,
1302,KTM,DUKE 390,,,,290CC,44,48,4,,,,,,X,X, ,X, ,,,,,,#N/D,#N/A,#N/A,#N/A,#N/A,#N/A,#N/A,#N/A,#N/A,#N/A,#N/A,#N/A,#N/A,x,418,,,,,,
1401,MERCEDES,A200,,3786,,1.6T,156,184,28,28,5100,250,276,,X,X,X,X,X,,,,,,TN4,36900,41900,19900,9950,,,11070,12570,5970,2985,0,0,700,1328 692,,,,,,
1402,MERCEDES,A250,,3788,,2.0T,211,245,34,35,5100,350,400,,X,X,X,X,X,,,,,,TN5,44900,54900,19900,9950,,,13470,16470,5970,2985,0,0,700,1328 692,,,,,,
1401,MERCEDES,B200,,3786,,1.6T,156,184,28,28,5100,250,276,,X,X,X,X,X,,,,,,TN4,36900,41900,19900,9950,,,11070,12570,5970,2985,0,0,700,1328 692,,,,,,
1402,MERCEDES,B250,,3788,,2.0T,211,245,34,35,5100,350,400,,X,X,X,X,X,,,,,,TN5,44900,54900,19900,9950,,,13470,16470,5970,2985,0,0,700,1328 692,,,,,,
1408,MERCEDES,W204 C200,,3790,,1.8T,184,220,36,41,5300,250,324,,X,X,X,X,X,,,,,,TN2,24900,28900,13900,6950,,,7470,8670,4170,2085,0,0,x,1008,,,,,,
1409,MERCEDES,W204 C250,,3807,,1.8T,204,230,26,37,5000,350,371,,X,X,X,X,X,,,,,,TN2,24900,28900,13900,6950,,,7470,8670,4170,2085,0,0,x,1008,,,,,,
1401,MERCEDES,W205 C200,,3786,,1.6T,156,184,28,28,5100,250,276,,X,X,X,X,X,,,,,,TN4,36900,41900,19900,9950,,,11070,12570,5970,2985,0,0,700,1328 692,,,,,,
1402,MERCEDES,W205 C250,,3788,,2.0T,211,245,34,35,5100,350,400,,X,X,X,X,X,,,,,,TN5,44900,54900,19900,9950,,,13470,16470,5970,2985,0,0,700,1328 692,,,,,,
1404,MERCEDES,W204 C220,,3809,,2.2CDI,170,200,30,32,3200,400,480,X,X,X,,X,,X,,,X,,TD3,24900,24900,14900,3725,22900,11450,7470,7470,4470,1117.5,6870,3435,61,4,,,,,,
1410,MERCEDES,W205 C300,,3867,,20T ,240,280,40,39,5100,370,430,,X,X,X,X,X,,,,,,TN4,36900,41900,19900,9950,,,11070,12570,5970,2985,0,0,700,1328 692,,,,,,
1403,MERCEDES,Sprinter 313,,3861,,2.2,130,160,30,31,3500,305,390,X,X,X,,X,,X,,,,,C1,19900,19900,11900,2975,17900,8950,5970,5970,3570,892.5,5370,2685,17,x,,,,,,
1405,MERCEDES,C320,,3802,,3.2CDI,220,280,60,39,3200,310,430,X,X,X,,X,,X,X,,X,,TD3,24900,24900,14900,3725,22900,11450,7470,7470,4470,1117.5,6870,3435,69,79,,,,,,
1406,MERCEDES,VITO CDI111,R,3820,,1.6CDI,115,140,25,26,3400,270,320,,X,X,,X,,X,,,,,C2,21900,21900,13900,3475,19900,9950,6570,6570,4170,1042.5,5970,2985,696,710,,,,,,
1411,MERCEDES,VIANO 22CDI,,3869,,22d,150,185,35,36,3300,330,405,X,X,X,,X,,X,,,,,TD2,19900,19900,11900,2975,17900,8950,5970,5970,3570,892.5,5370,2685,61,4,,,,,,
1407,MERCEDES,SPRINTER 415 515,,3866,,22CDI,150,180,30,30,3500,330,405,X,X,X,,X,,X,X,,,,C2,21900,21900,13900,3475,19900,9950,6570,6570,4170,1042.5,5970,2985,294,248,,,,,,
1501,MINI,Cooper R53,,x,,1.6 Chilli,115,126,11,,,,,X,X,X,X,X,X,,,,,,TN1,19900,24900,11900,5950,,,5970,7470,3570,1785,0,0,33,x,,,,,,
1502,MINI,Cooper R53,,4316,,1.6S Comp,170,185,15,15,3000,220,240,X,X,X,X,X,X,,,,,,TN1,19900,24900,11900,5950,,,5970,7470,3570,1785,0,0,33,x,,,,,,
1503,MINI,Cooper R56,,4318,,1.6S Turbo,184,210,26,26,4400,240,307,X,X,X,X,X,X,,,,,,TN2,24900,28900,13900,6950,,,7470,8670,4170,2085,0,0,206,208,,,,,,
1504,MINI,Cooper R56,,4320,,1.6 JCW,210,240,30,33,4100,280,356,X,X,X,X,X,X,,,,,,TN3,27900,31900,15900,7950,,,8370,9570,4770,2385,0,0,206,1342 148,,,,,,
1505,MINI,COOPER S F56,,4325,,20T ,192,250,58,57,5900,280,328,X,X,X,X,X,X,,,,,,TN4,36900,41900,19900,9950,,,11070,12570,5970,2985,0,0,629,1353 719,,,,,,
1503,MINI,S Countryman,,4318,,1.6S Turbo,184,210,26,26,4400,240,307,X,X,X,X,X,X,,,,,,TN2,24900,28900,13900,6950,,,7470,8670,4170,2085,0,0,206,208,,,,,,
504,MINI,COUNTRYMAN D,,4348,,120d 320d,177,215,38,38,4100,350,423,,X,X,,X,,X,X,,X,,TD3,24900,24900,14900,3725,22900,11450,7470,7470,4470,1117.5,6870,3435,215 692,1208 154,https://dataracing.com.ar/cars/bmw-120d-320d-x1-2-0d-177-hp-n47/,,,,,
2101,MITSUBISHI,L200,,,,25D1D,136,168,32,,,,,X,X,X,,X,,X,,,,,C1,19900,19900,11900,2975,17900,8950,5970,5970,3570,892.5,5370,2685,482,265,,,,,,
2102,MITSUBISHI,L200,,,,,175,202,37,,,,,X,X,X,,X,,X,,,,,C1,19900,19900,11900,2975,17900,8950,5970,5970,3570,892.5,5370,2685,482,265,,,,,,
1601,NISSAN,XTERRA,,3922,,2.8D ,140,170,30,32,3100,184,257,,X,X, ,X, ,X,,,,,C1,19900,19900,11900,2975,17900,8950,5970,5970,3570,892.5,5370,2685,x,17,,,,,,
1602,NISSAN,FRONTIER 2007-2015,,4251,,2.5D ,170,200,30,30,3900,410,555,,X,X,,X,,X,X,,,,C1,19900,19900,11900,2975,17900,8950,5970,5970,3570,892.5,5370,2685,482,1572,,,,,,
1603,NISSAN ,March,,4247,,1.6L 16v,115,125,10,11,4000,142,154,,X,X,X,X,X,,,,,,A2,15900,17900,9900,4950,,,4770,5370,2970,1485,0,0,x,587,,,,,,
1604,NISSAN ,FRONTIER NP300,,4249,,2.3D,190,225,35,38,3500,450,546,X,X,X,,X,,X,X,,,,C2,21900,21900,13900,3475,19900,9950,6570,6570,4170,1042.5,5970,2985,81,1003,,,,,,
704,PEUGEOT,206,,2832,,1.6 16v,109,119,10,11,4700,147,162,X,X,X,X,X,X,,,X,,,A1,13900,15900,8900,4450,,,4170,4770,2670,1335,0,0,74,25,,,,,,
702,PEUGEOT,206,,2828,,2.0HDI,90,120,30,33,3600,205,278,X,X,X,,X,,X,,,,,TD1,16900,16900,10900,2725,15900,7950,5070,5070,3270,817.5,4770,2385,2,x,,,,,,
708,PEUGEOT,206rc,,2847,,2.0l,180,195,15,16,6900,202,222,X,X,X,X,X,X,,,,,,A2,15900,17900,9900,4950,,,4770,5370,2970,1485,0,0,37,46,,,,,,
705,PEUGEOT,206 GTI,,2836,,2.0l,140,154,14,15,5100,200,221,X,X,X,X,X,X,,,X,,,A2,15900,17900,9900,4950,,,4770,5370,2970,1485,0,0,42 247,45,,,,,,
704,PEUGEOT,207,,2832,,1.6 16v,109,119,10,11,4700,147,162,X,X,X,X,X,X,,,X,,,A1,13900,15900,8900,4450,,,4170,4770,2670,1335,0,0,74,25,,,,,,
709,PEUGEOT,207,,2834,,1.4l,88,96,8,8,4600,133,143,X,X,X,X,X,X,,,,,,A1,13900,15900,8900,4450,,,4170,4770,2670,1335,0,0,42,45,,,,,,
710,PEUGEOT,207 HDI,,2849,,1.4HDI,70,96,26,30,3300,160,217,X,X,X,,X,,X,,,,,TD1,16900,16900,10900,2725,15900,7950,5070,5070,3270,817.5,4770,2385,58,60,,,,,,
707C,PEUGEOT,207RC,,2845,,1.6THP,175,205,30,34,5100,260,310,X,X,X,X,X,X,,,X,,,TN2,24900,28900,13900,6950,,,7470,8670,4170,2085,0,0,214,216,,,,,,
711,PEUGEOT,208,,2852,,1.6 16v,115,124,9,11,5600,152,165,,X,X,X,X,X,,,X,,,A2,15900,17900,9900,4950,,,4770,5370,2970,1485,0,0,214,196,,,,,,
712,PEUGEOT,208GTI,,2854,,1.6T,200,232,32,58,4700,275,329,,X,X,X,X,X,,,X,,,TN2,24900,28900,13900,6950,,,7470,8670,4170,2085,0,0,x,216,,,,,,
707B,PEUGEOT,208xy,,2842,,1.6THP,163,185,22,24,5100,240,297,,X,X,X,X,X,,,X,,,TN2,24900,28900,13900,6950,,,7470,8670,4170,2085,0,0,x,305,,,,,,
713,PEUGEOT,208 GT,,2856,,1.6THP,165,200,35,47,4600,240,315,,X,X,X,X,X,,, ,,,TN2,24900,28900,13900,6950,,,7470,8670,4170,2085,0,0,x,729 317,,,,,,
714,PEUGEOT,208 ALLURE,,2860,,1.5L 8V,90,96,6,8,4500,132,140,,X,X,X,,,,,,,,A2,15900,17900,9900,4950,,,4770,5370,2970,1485,0,0,42,45,,,,,,
701,PEUGEOT,208,,2826,,1.6HDI,92,125,33,34,3700,230,277,,X,X,,X,,X,X,,,,TD2,19900,19900,11900,2975,17900,8950,5970,5970,3570,892.5,5370,2685,x,198,,,,,,
717,PEUGEOT,208 GTI208,,2868,,16THP,208,230,22,58,4500,300,371,,X,X,X,X,X,,,,,,TN2,24900,28900,13900,6950,,,7470,8670,4170,2085,0,0,x,216,,,,,,
707A,PEUGEOT,207 GTI,,2840,,1.6THP,156,180,24,25,5100,240,295,X,X,X,X,X,X,,,X,,,TN2,24900,28900,13900,6950,,,7470,8670,4170,2085,0,0,214,216,,,,,,
701,PEUGEOT,301,,2826,,1.6HDI,92,125,33,34,3700,230,277,,X,X,,X,,X,X,,,,TD2,19900,19900,11900,2975,17900,8950,5970,5970,3570,892.5,5370,2685,x,198,,,,,,
711,PEUGEOT,301,,2852,,1.6 16v,115,124,9,11,5600,152,165,,X,X,X,X,X,,,X,,,A2,15900,17900,9900,4950,,,4770,5370,2970,1485,0,0,214,196,,,,,,
704,PEUGEOT,307,,2832,,1.6 16v,109,119,10,11,4700,147,162,X,X,X,X,X,X,,,X,,,A1,13900,15900,8900,4450,,,4170,4770,2670,1335,0,0,74,25,,,,,,
705,PEUGEOT,307,,2836,,2.0l,140,154,14,15,5100,200,221,X,X,X,X,X,X,,,X,,,A2,15900,17900,9900,4950,,,4770,5370,2970,1485,0,0,42 247,45,,,,,,
702,PEUGEOT,307,,2828,,2.0HDI,90,120,30,33,3600,205,278,X,X,X,,X,,X,,,,,TD1,16900,16900,10900,2725,15900,7950,5070,5070,3270,817.5,4770,2385,2,x,,,,,,
703,PEUGEOT,307,,2830,,2.0HDI,110,135,25,33,3600,250,299,X,X,X,,X,,X,,,,,TD1,16900,16900,10900,2725,15900,7950,5070,5070,3270,817.5,4770,2385,58,60,,,,,,
708,PEUGEOT,307CC,,2847,,2.0l,180,195,15,16,6900,202,222,X,X,X,X,X,X,,,,,,A2,15900,17900,9900,4950,,,4770,5370,2970,1485,0,0,37,46,,,,,,
711,PEUGEOT,308,,2852,,1.6 16v,115,124,9,11,5600,152,165,,X,X,X,X,X,,,X,,,A2,15900,17900,9900,4950,,,4770,5370,2970,1485,0,0,214,196,,,,,,
706,PEUGEOT,308,,2838,,1.6HDI,115,142,27,28,3500,270,312,,X,X, ,X,,X,X,,,,TD2,19900,19900,11900,2975,17900,8950,5970,5970,3570,892.5,5370,2685,58,60,,,,,,
712,PEUGEOT,308 GTI,,2854,,1.6T,200,232,32,58,4700,275,329,,X,X,X,X,X,,,X,,,TN2,24900,28900,13900,6950,,,7470,8670,4170,2085,0,0,x,216,,,,,,
707B,PEUGEOT,308,,2842,,1.6THP,163,185,22,24,5100,240,297,,X,X,X,X,X,,,X,,,TN2,24900,28900,13900,6950,,,7470,8670,4170,2085,0,0,x,305,,,,,,
705,PEUGEOT,308,,2836,,2.0l,140,154,14,15,5100,200,221,X,X,X,X,X,X,,,X,,,A2,15900,17900,9900,4950,,,4770,5370,2970,1485,0,0,42 247,45,,,,,,
713,PEUGEOT,308 2016,,2856,,1.6THP,165,200,35,47,4600,240,315,,X,X,X,X,X,,, ,,,TN2,24900,28900,13900,6950,,,7470,8670,4170,2085,0,0,x,729 317,,,,,,
718,PEUGEOT,308 S GTI,,2567,,16THP,272,295,23,,,330,,,X,X,X,X,X,,,,,,TN4,36900,41900,19900,9950,,,11070,12570,5970,2985,0,0,x,1393,,,,,,
719,PEUGEOT,407,,,,30L V6,208,224,16,,,290,,,X,X,X,X,X,,,,,,A3,18900,21900,12900,6450,,,5670,6570,3870,1935,0,0,582,939,,,,,,
706,PEUGEOT,408,,2838,,1.6HDI,115,142,27,28,3500,270,312,,X,X, ,X,,X,X,,,,TD2,19900,19900,11900,2975,17900,8950,5970,5970,3570,892.5,5370,2685,58,60,,,,,,
705,PEUGEOT,408,,2836,,2.0l,140,154,14,15,5100,200,221,X,X,X,X,X,X,,,X,,,A2,15900,17900,9900,4950,,,4770,5370,2970,1485,0,0,42 247,45,,,,,,
707B,PEUGEOT,408,,2842,,1.6THP,163,185,22,24,5100,240,297,,X,X,X,X,X,,,X,,,TN2,24900,28900,13900,6950,,,7470,8670,4170,2085,0,0,x,305,,,,,,
713,PEUGEOT,408 2016,,2856,,1.6THP,165,200,35,47,4600,240,315,,X,X,X,X,X,,, ,,,TN2,24900,28900,13900,6950,,,7470,8670,4170,2085,0,0,x,729 317,,,,,,
712,PEUGEOT,RCZ,,2854,,1.6T,200,232,32,58,4700,275,329,,X,X,X,X,X,,,X,,,TN2,24900,28900,13900,6950,,,7470,8670,4170,2085,0,0,x,216,,,,,,
707B,PEUGEOT,3008,,2842,,1.6THP,163,185,22,24,5100,240,297,,X,X,X,X,X,,,X,,,TN2,24900,28900,13900,6950,,,7470,8670,4170,2085,0,0,x,305,,,,,,
715,PEUGEOT,3008,,2862,,16HDI,115,143,28,29,3600,270,330,X,X,X,,X,,X,X,,,,C3,24900,24900,17900,4475,24900,12450,7470,7470,5370,1342.5,7470,3735,715,728 1188,,,,,,
716,PEUGEOT,5008,,2864,,20HDI,150,180,30,31,3600,370,430,,,,,,,,,,,,C3,24900,24900,17900,4475,24900,12450,7470,7470,5370,1342.5,7470,3735,,,,,,,,
1016,PEUGEOT,BOXER,,,,23D,130,160,30,,,300,360,X,X,X,,X,,X,X,,,,C2,21900,21900,13900,3475,19900,9950,6570,6570,4170,1042.5,5970,2985,,,,,,,,
701,PEUGEOT,Partner,R,2826,,1.6HDI,92,125,33,34,3700,230,277,,X,X,,X,,X,X,,,,TD2,19900,19900,11900,2975,17900,8950,5970,5970,3570,892.5,5370,2685,x,198,,,,,,
704,PEUGEOT,Partner,,2832,,1.6 16v,109,119,10,11,4700,147,162,X,X,X,X,X,X,,,X,,,A1,13900,15900,8900,4450,,,4170,4770,2670,1335,0,0,74,25,,,,,,
715,PEUGEOT,EXPERT,R,2862,,16HDI,115,143,28,29,3600,270,330,X,X,X,,X,,X,X,,,,C3,24900,24900,17900,4475,24900,12450,7470,7470,5370,1342.5,7470,3735,715,728 1188,,,,,,
804,RENAULT,CAPTUR,,3997,,2.0l,140,153,13,15,4300,188,216,X,X,X,X,X,X,,, ,,,A2,15900,17900,9900,4950,,,4770,5370,2970,1485,0,0,255,x,,,,,,
801,RENAULT,Clio,,3291,,1.2 16v,75,83,8,8,5600,104,115,,X,X,X,X,X,,,,,,A2,15900,17900,9900,4950,,,4770,5370,2970,1485,0,0,123,252,,,,,,
802A,RENAULT,Clio,,3988,,1.6 16v,110,120,10,10,5700,147,159,X,X, ,X,X,X,,,X,,,A2,15900,17900,9900,4950,,,4770,5370,2970,1485,0,0,34,x,,,,,,
803,RENAULT,Clio,,3994,,2.0 16v,178,190,12,17,6900,215,226,X,X,X,X,X,X,,,,,,A3,18900,21900,12900,6450,,,5670,6570,3870,1935,0,0,34,x,,,,,,
802B,RENAULT,Symbol,,3990,,1.6L 16v,105,115,10,10,5600,145,159,X,X,X,X,X,X,,,,,,A2,15900,17900,9900,4950,,,4770,5370,2970,1485,0,0,263,251,,,,,,
802B,RENAULT,Logan,,3990,,1.6L 16v,105,115,10,10,5600,145,159,X,X,X,X,X,X,,,,,,A2,15900,17900,9900,4950,,,4770,5370,2970,1485,0,0,263,251,,,,,,
802A,RENAULT,Duster,,3988,,1.6 16v,110,120,10,10,5700,147,159,X,X, ,X,X,X,,,X,,,A2,15900,17900,9900,4950,,,4770,5370,2970,1485,0,0,34,x,,,,,,
804,RENAULT,Duster,,3997,,2.0l,140,153,13,15,4300,188,216,X,X,X,X,X,X,,, ,,,A2,15900,17900,9900,4950,,,4770,5370,2970,1485,0,0,255,x,,,,,,
802B,RENAULT,Sandero,,3990,,1.6L 16v,105,115,10,10,5600,145,159,X,X,X,X,X,X,,,,,,A2,15900,17900,9900,4950,,,4770,5370,2970,1485,0,0,263,251,,,,,,
813,RENAULT,Sandero RS,,4017,,2.0L 16V,143,157,14,14,6200,198,216,X,X,X,X,X,X,,,,,,A2,15900,17900,9900,4950,,,4770,5370,2970,1485,0,0,255,x,,,,,,
802B,RENAULT,Fluence,,3990,,1.6L 16v,105,115,10,10,5600,145,159,X,X,X,X,X,X,,,,,,A2,15900,17900,9900,4950,,,4770,5370,2970,1485,0,0,263,251,,,,,,
804,RENAULT,Fluence,,3997,,2.0l,140,153,13,15,4300,188,216,X,X,X,X,X,X,,, ,,,A2,15900,17900,9900,4950,,,4770,5370,2970,1485,0,0,255,x,,,,,,
805,RENAULT,Fluence,,4000,,2.0T,180,216,36,37,4900,300,360,X,X,X,X,X,X,,, ,,,TN1,19900,24900,11900,5950,,,5970,7470,3570,1785,0,0,255,210,,,,,,
802A,RENAULT,Megane I ,,x,,1.6 16v,110,120,10,10,5700,147,159,X,X, ,X,X,X,,,X,,,A2,15900,17900,9900,4950,,,4770,5370,2970,1485,0,0,34,x,,,,,,
806,RENAULT,Megane I ,,x,,1.9DCI,100,130,30,,,,,X,X,X,,,,X,,,,,TD1,16900,16900,10900,2725,15900,7950,5070,5070,3270,817.5,4770,2385,14,x,,,,,,
807,RENAULT,Megane II ,,4002,,1.5DCI,100,120,20,22,3000,127,149,X,X,X,,,,X,,,,,TD1,16900,16900,10900,2725,15900,7950,5070,5070,3270,817.5,4770,2385,53,x,,,,,,
804,RENAULT,Megane II ,,3997,,2.0l,140,153,13,15,4300,188,216,X,X,X,X,X,X,,, ,,,A2,15900,17900,9900,4950,,,4770,5370,2970,1485,0,0,255,x,,,,,,
808,RENAULT,Megane III RS,,4004,,2.0,250,300,50,50,5200,360,440,X,X,X,X,X,X,,,,,,TN3,27900,31900,15900,7950,,,8370,9570,4770,2385,0,0,255,210,,,,,,
814,RENAULT,Megane III RS265,,4020,,2.0T,265,305,40,46,4100,360,468,X,X,X,X,X,X,,,,,,TN3,27900,31900,15900,7950,,,8370,9570,4770,2385,0,0,255,210,,,,,,
804,RENAULT,Megane III  ,,3997,,2.0l,140,153,13,15,4300,188,216,X,X,X,X,X,X,,, ,,,A2,15900,17900,9900,4950,,,4770,5370,2970,1485,0,0,255,x,,,,,,
809,RENAULT,Kangoo,,4011,,1.6 16v,95,107,12,12,4900,136,150,X,X, ,X,X,X,,,,,,A2,15900,17900,9900,4950,,,4770,5370,2970,1485,0,0,34,x,,,,,,
815,RENAULT,Kangoo Nueva,,4023,,1.5DCI,95,125,30,31,3700,220,236,X,X,X,,X,,X,X,,,,TD2,19900,19900,11900,2975,17900,8950,5970,5970,3570,892.5,5370,2685,425,1162 398,,,,,,
810,RENAULT,Master I,,x,,2.8DCI,120,140,20,,,,,X,X,X,,X,,X,,,,,C1,19900,19900,11900,2975,17900,8950,5970,5970,3570,892.5,5370,2685,x,x,,,,,,
811,RENAULT,Master I ,,4010,,2.5DCI,115,135,20,21,3600,296,351,X,X,X,,X,,X,,,,,C1,19900,19900,11900,2975,17900,8950,5970,5970,3570,892.5,5370,2685,x,x,,,,,,
812,RENAULT,Master II,,x,,2.5DCI,120,150,30,,,,,X,X,X,,X,,X,,,,,C1,19900,19900,11900,2975,17900,8950,5970,5970,3570,892.5,5370,2685,127,29,,,,,,
103A,SEAT,Cordoba,,3087,,1.9TDI,90,120,30,33,3200,210,280,X,X,X,,X,,X,,X,,,TD1,16900,16900,10900,2725,15900,7950,5070,5070,3270,817.5,4770,2385,11,x,https://dataracing.com.ar/cars/vw-golf-4-1-9tdi-90-hp/,,,,,
103A,SEAT,Ibiza,,3087,,1.9TDI,90,120,30,33,3200,210,280,X,X,X,,X,,X,,X,,,TD1,16900,16900,10900,2725,15900,7950,5070,5070,3270,817.5,4770,2385,11,x,https://dataracing.com.ar/cars/vw-golf-4-1-9tdi-90-hp/,,,,,
103B,SEAT,Ibiza,,3092,,1.9TDI,105,145,40,43,3200,240,340,X,X,X,,X,,X,,X,,,TD1,16900,16900,10900,2725,15900,7950,5070,5070,3270,817.5,4770,2385,10,x,https://dataracing.com.ar/cars/volkswagen-bora-1-9tdi-105-hp/,,,,,
102,SEAT,Ibiza,,3084,,1.8T,180,215,35,56,4600,235,335,X,X,X,X,X,X,,,X,,X,TN1,19900,24900,11900,5950,,,5970,7470,3570,1785,0,0,39,53,https://dataracing.com.ar/cars/vw-bora-1-8t-180-hp/,,,,,
101,SEAT,Ibiza,,3080,,1.8T,150,188,40,57,3900,210,305,X,X,X,X,X,X,,,X,,,TN1,19900,24900,11900,5950,,,5970,7470,3570,1785,0,0,x,x,https://dataracing.com.ar/cars/vw-golf-4-1-8t-150-hp/,,,,,
118,SEAT,Leon,,3198,,1.6,101,111,10,10,5200,142,156,,X,X,X,X,X,,,X,,,A1,13900,15900,8900,4450,,,4170,4770,2670,1335,0,0,x,186,https://dataracing.com.ar/cars/vw-gol-trend-1-6-101-hp/,,,,,
103A,SEAT,Leon,,3087,,1.9TDI,90,120,30,33,3200,210,280,X,X,X,,X,,X,,X,,,TD1,16900,16900,10900,2725,15900,7950,5070,5070,3270,817.5,4770,2385,11,x,https://dataracing.com.ar/cars/vw-golf-4-1-9tdi-90-hp/,,,,,
103B,SEAT,Leon,,3092,,1.9TDI,105,145,40,43,3200,240,340,X,X,X,,X,,X,,X,,,TD1,16900,16900,10900,2725,15900,7950,5070,5070,3270,817.5,4770,2385,10,x,https://dataracing.com.ar/cars/volkswagen-bora-1-9tdi-105-hp/,,,,,
102,SEAT,Leon,,3084,,1.8T,180,215,35,56,4600,235,335,X,X,X,X,X,X,,,X,,X,TN1,19900,24900,11900,5950,,,5970,7470,3570,1785,0,0,39,53,https://dataracing.com.ar/cars/vw-bora-1-8t-180-hp/,,,,,
101,SEAT,Leon,,3080,,1.8T,150,188,40,57,3900,210,305,X,X,X,X,X,X,,,X,,,TN1,19900,24900,11900,5950,,,5970,7470,3570,1785,0,0,x,x,https://dataracing.com.ar/cars/vw-golf-4-1-8t-150-hp/,,,,,
104,SEAT,Leon,,3141,,2.0TFSI,200,250,50,53,4300,280,377,X,X,X,X,X,X,,,X,X,,TN2,24900,28900,13900,6950,,,7470,8670,4170,2085,0,0,93,64,https://dataracing.com.ar/cars/vw-vento-5-2-0tfsi-200-hp/,,,,,
105,SEAT,Leon,,3148,,2.0TSI,211,265,54,93,4700,290,440,X,X,X,X,X,X,,,X,X,,TN2,24900,28900,13900,6950,,,7470,8670,4170,2085,0,0,203,128,https://dataracing.com.ar/cars/vw-golf-6-2-0tsi-211-hp/,,,,,
103A,SEAT,Toledo,,3087,,1.9TDI,90,120,30,33,3200,210,280,X,X,X,,X,,X,,X,,,TD1,16900,16900,10900,2725,15900,7950,5070,5070,3270,817.5,4770,2385,11,x,https://dataracing.com.ar/cars/vw-golf-4-1-9tdi-90-hp/,,,,,
103B,SEAT,Toledo,,3092,,1.9TDI,105,145,40,43,3200,240,340,X,X,X,,X,,X,,X,,,TD1,16900,16900,10900,2725,15900,7950,5070,5070,3270,817.5,4770,2385,10,x,https://dataracing.com.ar/cars/volkswagen-bora-1-9tdi-105-hp/,,,,,
102,SEAT,Toledo,,3084,,1.8T,180,215,35,56,4600,235,335,X,X,X,X,X,X,,,X,,X,TN1,19900,24900,11900,5950,,,5970,7470,3570,1785,0,0,39,53,https://dataracing.com.ar/cars/vw-bora-1-8t-180-hp/,,,,,
101,SEAT,Toledo,,3080,,1.8T,150,188,40,57,3900,210,305,X,X,X,X,X,X,,,X,,,TN1,19900,24900,11900,5950,,,5970,7470,3570,1785,0,0,x,x,https://dataracing.com.ar/cars/vw-golf-4-1-8t-150-hp/,,,,,
609,SUZUKI,Fun,,3914,,1.0l,60,66,6,7,5200,81,88,X,X, ,X,X,X,,,X,,,A1,13900,15900,8900,4450,,,4170,4770,2670,1335,0,0,20,x,,,,,,
604,SUZUKI,Fun,,3894,,1.4l,94,102,8,10,6200,127,136,X,X,X,X,X, ,,,X,,,A1,13900,15900,8900,4450,,,4170,4770,2670,1335,0,0,26,x,,,,,,
703,SUZUKI,Vitara,,2830,,2.0HDI,110,135,25,33,3600,250,299,X,X,X,,X,,X,,,,,TD1,16900,16900,10900,2725,15900,7950,5070,5070,3270,817.5,4770,2385,58,60,,,,,,
2001,SUZUKI,SWIFT,,4245,,1.5L VVT 16V,102,112,10,12,5100,113,126,,X,X,X,,,,,,,,A2,15900,17900,9900,4950,,,4770,5370,2970,1485,0,0,x,316,,,,,,
901,TOYOTA,HILUX,,3479,,2.5l,120,155,35,45,3900,324,393,,X,X,,X,,X,,X,,,C1,19900,19900,11900,2975,17900,8950,5970,5970,3570,892.5,5370,2685,517,755,,,,,,
906,TOYOTA,HILUX,,3477,,2.5l,102,130,28,34,3800,252,310,X,X,X,,X,,X,,X,,,C1,19900,19900,11900,2975,17900,8950,5970,5970,3570,892.5,5370,2685,517,755,,,,,,
902,TOYOTA,HILUX/SW4,,3481,,3.0L,170,210,40,41,2700,340,440,X,X,X,,X,,X,,X,,,C1,19900,19900,11900,2975,17900,8950,5970,5970,3570,892.5,5370,2685,517,755,,,,,,
907,TOYOTA,HILUX,,3475,,2.4D,150,190,40,42,3300,380,450,X,X,X,,X,,X,X,,,,C2,21900,21900,13900,3475,19900,9950,6570,6570,4170,1042.5,5970,2985,653,x,,,,,,
905,TOYOTA,HILUX/SW4,,3473,,"2,8D",177,210,40,42,3400,450,490,X,X,X,,X,,X,X,,,,C2,21900,21900,13900,3475,19900,9950,6570,6570,4170,1042.5,5970,2985,653,x,,,,,,
908,TOYOTA,HILUX/SW4,,,,2.8D,204,236,,,,500,560,X,X,X,,X,,X,X,,,,C3,24900,24900,17900,4475,24900,12450,7470,7470,5370,1342.5,7470,3735,653,x,,,,,,
903,TOYOTA,GT86,,3483,,2.0l,200,220,20,29,3100,200,220,X,X,X,X,,,,,,,,A4,24900,28900,14900,7450,,,7470,8670,4470,2235,0,0,386,1054,,,,,,
904,TOYOTA,COROLLA,,3485,,18L,136,148,12,14,5000,173,194,,X,X,X,,,,,,,,A2,15900,17900,9900,4950,,,4770,5370,2970,1485,0,0,517,747,,,,,,
909,TOYOTA,LAND CRUISER PRADO,,,,40L V6,272,290,18,20,5000,381,405,X,X,X,X,X,X,,,,,,A4,24900,28900,14900,7450,,,7470,8670,4470,2235,0,0,,,,,,,,
910,TOYOTA,LAND CRUISER VX200,,,,4.5D4D,286,320,34,37,2400,650,750,X,X,X,,X,,,,,,,C3,24900,24900,17900,4475,24900,12450,7470,7470,5370,1342.5,7470,3735,,,,,,,,
116A,VW,Amarok,,2765,x,20TDI CR,122,155,33,47,3100,340,440,X,X,X,,X,,X,,X,,,C1,19900,19900,11900,2975,17900,8950,5970,5970,3570,892.5,5370,2685,459,1227 902,https://dataracing.com.ar/cars/vw-amarok-2-0tdi-122hp/,,,,,
116B,VW,Amarok,,2763,x,20TDI CR,140,185,45,47,3000,340,460,X,X,X,,X,,X,X,X,,,C2,21900,21900,13900,3475,19900,9950,6570,6570,4170,1042.5,5970,2985,449,1180 420,https://dataracing.com.ar/cars/vw-amarok-2-0tdi-140hp/,,,,,
116C,VW,Amarok,,2761,x,20TDI CR,163,195,32,43,3100,400,470,X,X,X,,X,,X,,X,,,C1,19900,19900,11900,2975,17900,8950,5970,5970,3570,892.5,5370,2685,459,1227 902,https://dataracing.com.ar/cars/vw-amarok-2-0tdi-163hp/,,,,,
116D,VW,Amarok,,2759,x,20TDI CR,180,212,32,43,3100,420,490,X,X,X,,X,,X,X,X,,,C2,21900,21900,13900,3475,19900,9950,6570,6570,4170,1042.5,5970,2985,449,1180 420,https://dataracing.com.ar/cars/vw-amarok-2-0tdi-180hp/,,,,,
130,VW,Amarok V6,,2635,x,3.0TDI V6,225,310,85,74,4200,550,647,X,X,X,,X,,X,X,,,,C4,31900,31900,17900,4475,24900,12450,9570,9570,5370,1342.5,7470,3735,533,1247 739,https://dataracing.com.ar/cars/vw-amarok-3-0tdi-v6-225hp/,,,,,
130a,VW,Amarok v6 2020,,4883,x,3.0TDI V6,258,312,54,,,580,652,X,X,X,,X,,X,X,,,,C4,31900,31900,17900,4475,24900,12450,9570,9570,5370,1342.5,7470,3735,533,1247 739,https://dataracing.com.ar/cars/vw-amarok-v6-3-0tdi-258-hp/,,,,,
117,VW,Bora,,4582,,2.0,115,129,14,15,5500,157,173,,X,X,X,X,X,,,X,,,A2,15900,17900,9900,4950,,,4770,5370,2970,1485,0,0,38,186,https://dataracing.com.ar/cars/vw-bora-2-0l-115-hp/,,,,,
117,VW,Bora L/N,,4582,,2.0,115,129,14,15,5500,157,173,,X,X,X,X,X,,,X,,,A2,15900,17900,9900,4950,,,4770,5370,2970,1485,0,0,38,186,https://dataracing.com.ar/cars/vw-bora-2-0l-115-hp/,,,,,
103B,VW,Bora,,3092,,1.9TDI,105,145,40,43,3200,240,340,X,X,X,,X,,X,,X,,,TD1,16900,16900,10900,2725,15900,7950,5070,5070,3270,817.5,4770,2385,10,x,https://dataracing.com.ar/cars/volkswagen-bora-1-9tdi-105-hp/,,,,,
102,VW,Bora,,3084,,1.8T,180,215,35,56,4600,235,335,X,X,X,X,X,X,,,X,,X,TN1,19900,24900,11900,5950,,,5970,7470,3570,1785,0,0,39,53,https://dataracing.com.ar/cars/vw-bora-1-8t-180-hp/,,,,,
118,VW,Golf MK4,,3198,,1.6,101,111,10,10,5200,142,156,,X,X,X,X,X,,,X,,,A1,13900,15900,8900,4450,,,4170,4770,2670,1335,0,0,x,186,https://dataracing.com.ar/cars/vw-gol-trend-1-6-101-hp/,,,,,
117,VW,Golf MK4,,4582,,2.0,115,129,14,15,5500,157,173,,X,X,X,X,X,,,X,,,A2,15900,17900,9900,4950,,,4770,5370,2970,1485,0,0,38,186,https://dataracing.com.ar/cars/vw-bora-2-0l-115-hp/,,,,,
101,VW,Golf MK4,,3080,,1.8T,150,188,40,57,3900,210,305,X,X,X,X,X,X,,,X,,,TN1,19900,24900,11900,5950,,,5970,7470,3570,1785,0,0,x,x,https://dataracing.com.ar/cars/vw-golf-4-1-8t-150-hp/,,,,,
102,VW,Golf MK4,,3084,,1.8T,180,215,35,56,4600,235,335,X,X,X,X,X,X,,,X,,X,TN1,19900,24900,11900,5950,,,5970,7470,3570,1785,0,0,39,53,https://dataracing.com.ar/cars/vw-bora-1-8t-180-hp/,,,,,
103A,VW,Golf MK4,,3087,,1.9TDI,90,120,30,33,3200,210,280,X,X,X,,X,,X,,X,,,TD1,16900,16900,10900,2725,15900,7950,5070,5070,3270,817.5,4770,2385,11,x,https://dataracing.com.ar/cars/vw-golf-4-1-9tdi-90-hp/,,,,,
141,VW,Golf MK4,,,,2.8L V6,201,220,19,19,6000,270,292,X,X,X,X,X,X,,,,,,A3,18900,21900,12900,6450,,,5670,6570,3870,1935,0,0,39,51,,,,,,
105,VW,Golf MK6,,3148,,2.0TSI,211,265,54,93,4700,290,440,X,X,X,X,X,X,,,X,X,,TN2,24900,28900,13900,6950,,,7470,8670,4170,2085,0,0,203,128,https://dataracing.com.ar/cars/vw-golf-6-2-0tsi-211-hp/,,,,,
119A,VW,Golf MK7,,3245,,1.4TSI EA211,150,175,25,39,3800,250,311,X,X,X,X,X,X,,,,,,TN1,19900,24900,11900,5950,,,5970,7470,3570,1785,0,0,477,1323 725,https://dataracing.com.ar/cars/vw-golf-7-1-4tsi-150-hp/,,,,,
138,VW,GOLF 7,,3318,,16L 16V,110,120,10,11,6200,150,163,X,X,X,X,X,X,,,,,,A3,18900,21900,12900,6450,,,5670,6570,3870,1935,0,0,x,1039,https://dataracing.com.ar/cars/vw-golf-7-16l-16v-110-hp/,,,,,
129,VW,Golf MK7 GTI,,3258,,2.0TSI MQB,220,300,80,93,4400,348,474,X,X,X,X,X,X,,,,,,TN4,36900,41900,19900,9950,,,11070,12570,5970,2985,0,0,473,830,https://dataracing.com.ar/cars/vw-golf-gti-2-0tsi-220-hp/,,,,,
103B,VW,Vento MK5,,3092,,1.9TDI,105,145,40,43,3200,240,340,X,X,X,,X,,X,,X,,,TD1,16900,16900,10900,2725,15900,7950,5070,5070,3270,817.5,4770,2385,10,x,https://dataracing.com.ar/cars/volkswagen-bora-1-9tdi-105-hp/,,,,,
106,VW,Vento MK5,,3170,,2.0TDI PD,140,170,30,32,3600,320,410,X,X,X,,X,,X,,X,X,,TD1,16900,16900,10900,2725,15900,7950,5070,5070,3270,817.5,4770,2385,62,2,https://dataracing.com.ar/cars/vw-vento-5-2-0tdi-pd-140-hp/,,,,,
104,VW,Vento MK5,,3141,,2.0TFSI,200,250,50,53,4300,280,377,X,X,X,X,X,X,,,X,X,,TN2,24900,28900,13900,6950,,,7470,8670,4170,2085,0,0,93,64,https://dataracing.com.ar/cars/vw-vento-5-2-0tfsi-200-hp/,,,,,
120,VW,Vento MK5,,,,2.5,170,185,15,20,6000,230,252,X,X,X,X,X,X,,,X,,,A2,15900,17900,9900,4950,,,4770,5370,2970,1485,0,0,120,x,https://dataracing.com.ar/cars/vw-vento-6-2-5l-20v-170-hp/,,,,,
105,VW,Vento MK5,,3148,,2.0TSI,211,265,54,93,4700,290,440,X,X,X,X,X,X,,,X,X,,TN2,24900,28900,13900,6950,,,7470,8670,4170,2085,0,0,203,128,https://dataracing.com.ar/cars/vw-golf-6-2-0tsi-211-hp/,,,,,
105,VW,Vento MK6,,3148,,2.0TSI,211,265,54,93,4700,290,440,X,X,X,X,X,X,,,X,X,,TN2,24900,28900,13900,6950,,,7470,8670,4170,2085,0,0,203,128,https://dataracing.com.ar/cars/vw-golf-6-2-0tsi-211-hp/,,,,,
127,VW,Vento MK6,,3339,,2.0TDI CR,140,180,40,42,4100,321,380,X,X,X,,X,,X,,,X,,TD2,19900,19900,11900,2975,17900,8950,5970,5970,3570,892.5,5370,2685,399,1165 269,https://dataracing.com.ar/cars/vw-vento-mk6-2-0tdi-cr-140-hp/,,,,,
127,VW,Vento MK6,,3339,,2.0TDI CR,140,180,40,42,4100,321,380,X,X,X,,X,,X,,,X,,TD2,19900,19900,11900,2975,17900,8950,5970,5970,3570,892.5,5370,2685,399,1165 269,https://dataracing.com.ar/cars/vw-vento-mk6-2-0tdi-cr-140-hp/,,,,,
133,VW,Vento MK6,,4605,,25L 20V,170,185,15,20,6000,230,252, ,X,X,X,X,X,,,X,,,A3,18900,21900,12900,6450,,,5670,6570,3870,1935,0,0,466,1280 780,https://dataracing.com.ar/cars/vw-vento-mk6-2-5l-20v-170-hp/,,,,,
119A,VW,VENTO MK7,,3245,,1.4TSI EA211,150,175,25,39,3800,250,311,X,X,X,X,X,X,,,,,,TN1,19900,24900,11900,5950,,,5970,7470,3570,1785,0,0,477,1323 725,https://dataracing.com.ar/cars/vw-vento-7-1-4tsi-ea211-150-hp/,,,,,
135,VW,VENTO MK6 GEN3,,3314,,20TSI GEN3,211,270,54,63,4900,285,399,X,X,X,X,X,X,,,,,,TN2,24900,28900,13900,6950,,,7470,8670,4170,2085,0,0,469 473,1067 1443 1451,https://dataracing.com.ar/cars/vw-vento-6-gen-3-vento-gli-2-0tsi-gen-3-211-hp/,,,,,
129,VW,VENTO MK7 G3 MQB,,3258,,2.0TSI MQB,220,300,80,93,4400,348,474,X,X,X,X,X,X,,,,,,TN4,36900,41900,19900,9950,,,11070,12570,5970,2985,0,0,473,830,https://dataracing.com.ar/cars/vw-golf-gti-2-0tsi-220-hp/,,,,,
121,VW,Gol,,,,1.6L 8V,92,102,10,,,,,,X,,X,X,X,,,X,,,A1,13900,15900,8900,4450,,,4170,4770,2670,1335,0,0,x,x,,,,,,
118,VW,Gol,,3198,,1.6,101,111,10,10,5200,142,156,,X,X,X,X,X,,,X,,,A1,13900,15900,8900,4450,,,4170,4770,2670,1335,0,0,x,186,https://dataracing.com.ar/cars/vw-gol-trend-1-6-101-hp/,,,,,
122,VW,G6,,,,1.6L 8V G6,101,111,10,,,,,,,X,X,X,X,,,,,,A1,13900,15900,8900,4450,,,4170,4770,2670,1335,0,0,x,725 974,https://dataracing.com.ar/cars/vw-gol-trend-1-6-101-hp/,,,,,
123,VW,Gol,,,,1.4l,83,90,7,,,,,X,X,X,X,X,X,,,X,,,A1,13900,15900,8900,4450,,,4170,4770,2670,1335,0,0,,,,,,,,
122,VW,Saveiro,,,,1.6L 8V G6,101,111,10,,,,,,,X,X,X,X,,,,,,A1,13900,15900,8900,4450,,,4170,4770,2670,1335,0,0,x,725 974,https://dataracing.com.ar/cars/vw-gol-trend-1-6-101-hp/,,,,,
118,VW,Saveiro,,3198,,1.6,101,111,10,10,5200,142,156,,X,X,X,X,X,,,X,,,A1,13900,15900,8900,4450,,,4170,4770,2670,1335,0,0,x,186,https://dataracing.com.ar/cars/vw-gol-trend-1-6-101-hp/,,,,,
140,VW,Saveiro 16V,,4621,,1.6L 16V ,110,120,10,11,5400,155,170,X,X,X,X,,,,,,,,A2,15900,17900,9900,4950,,,4770,5370,2970,1485,0,0,,,https://dataracing.com.ar/cars/vw-polo-1-6l-16v-110-hp-2/,,,,,
122,VW,Fox,,,,1.6L 8V G6,101,111,10,,,,,,,X,X,X,X,,,,,,A1,13900,15900,8900,4450,,,4170,4770,2670,1335,0,0,x,725 974,https://dataracing.com.ar/cars/vw-gol-trend-1-6-101-hp/,,,,,
118,VW,Fox,,3198,,1.6,101,111,10,10,5200,142,156,,X,X,X,X,X,,,X,,,A1,13900,15900,8900,4450,,,4170,4770,2670,1335,0,0,x,186,https://dataracing.com.ar/cars/vw-gol-trend-1-6-101-hp/,,,,,
118,VW,Suran ,,3198,,1.6,101,111,10,10,5200,142,156,,X,X,X,X,X,,,X,,,A1,13900,15900,8900,4450,,,4170,4770,2670,1335,0,0,x,186,https://dataracing.com.ar/cars/vw-gol-trend-1-6-101-hp/,,,,,
118,VW,Suran,,3198,,1.6,101,111,10,10,5200,142,156,,X,X,X,X,X,,,X,,,A1,13900,15900,8900,4450,,,4170,4770,2670,1335,0,0,x,186,https://dataracing.com.ar/cars/vw-gol-trend-1-6-101-hp/,,,,,
122,VW,Voyage,,,,1.6L 8V G6,101,111,10,,,,,,,X,X,X,X,,,,,,A1,13900,15900,8900,4450,,,4170,4770,2670,1335,0,0,x,725 974,https://dataracing.com.ar/cars/vw-gol-trend-1-6-101-hp/,,,,,
118,VW,Voyage,,3198,,1.6,101,111,10,10,5200,142,156,,X,X,X,X,X,,,X,,,A1,13900,15900,8900,4450,,,4170,4770,2670,1335,0,0,x,186,https://dataracing.com.ar/cars/vw-gol-trend-1-6-101-hp/,,,,,
124,VW,Sirocco,,3271,,1.4T,160,205,45,61,4500,240,329,X,X,X,X,X,X,,,,,,TN2,24900,28900,13900,6950,,,7470,8670,4170,2085,0,0,203,1325 267,https://dataracing.com.ar/cars/vw-sirocco-1-4t-160-hp/,,,,,
105,VW,Sirocco,,3148,,2.0TSI,211,265,54,93,4700,290,440,X,X,X,X,X,X,,,X,X,,TN2,24900,28900,13900,6950,,,7470,8670,4170,2085,0,0,203,128,https://dataracing.com.ar/cars/vw-sirocco-2-0tsi-211-hp/,,,,,
103A,VW,Caddy,,3087,,1.9TDI,90,120,30,33,3200,210,280,X,X,X,,X,,X,,X,,,TD1,16900,16900,10900,2725,15900,7950,5070,5070,3270,817.5,4770,2385,11,x,https://dataracing.com.ar/cars/vw-golf-4-1-9tdi-90-hp/,,,,,
117,VW,New Beetle,,4582,,2.0,115,129,14,15,5500,157,173,,X,X,X,X,X,,,X,,,A2,15900,17900,9900,4950,,,4770,5370,2970,1485,0,0,38,186,https://dataracing.com.ar/cars/new-beetle-2-0-115-hp/,,,,,
133,VW,New Beetle,,4605,,25L 20V,170,185,15,20,6000,230,252, ,X,X,X,X,X,,,X,,,A3,18900,21900,12900,6450,,,5670,6570,3870,1935,0,0,466,1280 780,https://dataracing.com.ar/cars/vw-new-beetle-2-5l-20v-170-hp/,,,,,
124,VW,The Beetle,,3271,,1.4T,160,205,45,61,4500,240,329,X,X,X,X,X,X,,,,,,TN2,24900,28900,13900,6950,,,7470,8670,4170,2085,0,0,203,1325 267,https://dataracing.com.ar/cars/3284/,,,,,
135,VW,The Beetle,,3314,,20TSI GEN3,211,270,54,63,4900,285,399,X,X,X,X,X,X,,,,,,TN2,24900,28900,13900,6950,,,7470,8670,4170,2085,0,0,469 473,1067 1443 1451,https://dataracing.com.ar/cars/vw-the-beetle-2-0tsi-gen-3-211-hp/,,,,,
103B,VW,Passat,,3092,,1.9TDI,105,145,40,43,3200,240,340,X,X,X,,X,,X,,X,,,TD1,16900,16900,10900,2725,15900,7950,5070,5070,3270,817.5,4770,2385,10,x,https://dataracing.com.ar/cars/volkswagen-bora-1-9tdi-105-hp/,,,,,
127,VW,Passat,,3339,,2.0TDI CR,140,180,40,42,4100,321,380,X,X,X,,X,,X,,,X,,TD2,19900,19900,11900,2975,17900,8950,5970,5970,3570,892.5,5370,2685,399,1165 269,https://dataracing.com.ar/cars/vw-vento-mk6-2-0tdi-cr-140-hp/,,,,,
105,VW,Passat,,3148,,2.0TSI,211,265,54,93,4700,290,440,X,X,X,X,X,X,,,X,X,,TN2,24900,28900,13900,6950,,,7470,8670,4170,2085,0,0,203,128,https://dataracing.com.ar/cars/vw-passat-1-0tsi-211-hp/,,,,,
111,VW,Passat,,3190,,1.8TFSI,163,218,47,64,4200,256,365,X,X,X,X,X,X,,,X,X,,TN1,19900,24900,11900,5950,,,5970,7470,3570,1785,0,0,39,53,https://dataracing.com.ar/cars/audi-tt-mk2-1-8tfsi-163-hp/,,,,,
102,VW,Passat,,3084,,1.8T,180,215,35,56,4600,235,335,X,X,X,X,X,X,,,X,,X,TN1,19900,24900,11900,5950,,,5970,7470,3570,1785,0,0,39,53,https://dataracing.com.ar/cars/vw-bora-1-8t-180-hp/,,,,,
114,VW,Passat,,3344,,3.2 V6,250,270,20,20,6200,318,340,X,X,X,X,X,X,,,X,,,A3,18900,21900,12900,6450,,,5670,6570,3870,1935,0,0,120,52,https://dataracing.com.ar/cars/audi-tt-mk-2-3-2-v6-250-hp/,,,,,
129,VW,Passat B9,,3258,,2.0TSI MQB,220,300,80,93,4400,348,474,X,X,X,X,X,X,,,,,,TN4,36900,41900,19900,9950,,,11070,12570,5970,2985,0,0,473,830,https://dataracing.com.ar/cars/vw-passat-b9-2-0tsi-220-hp/,,,,,
121,VW,Polo,,,,1.6L 8V,92,102,10,,,,,,X,,X,X,X,,,X,,,A1,13900,15900,8900,4450,,,4170,4770,2670,1335,0,0,x,x,,,,,,
103A,VW,Polo,,3087,,1.9TDI,90,120,30,33,3200,210,280,X,X,X,,X,,X,,X,,,TD1,16900,16900,10900,2725,15900,7950,5070,5070,3270,817.5,4770,2385,11,x,https://dataracing.com.ar/cars/vw-golf-4-1-9tdi-90-hp/,,,,,
140,VW,Polo 16V ,,4621,,16L 16V ,110,120,10,11,5400,155,170,X,X,X,X,,,,,,,,A2,15900,17900,9900,4950,,,4770,5370,2970,1485,0,0,,,https://dataracing.com.ar/cars/vw-polo-1-6l-16v-110-hp-2/,,,,,
103C,VW,Sharan,,3096,,1.9TDI,115,154,39,43,3200,285,350,X,X,X,,X,,X,,X,,,TD1,16900,16900,10900,2725,15900,7950,5070,5070,3270,817.5,4770,2385,10,x,https://dataracing.com.ar/cars/vw-sharan-1-9tdi-115-hp/,,,,,
101,VW,Sharan,,3080,,1.8T,150,188,40,57,3900,210,305,X,X,X,X,X,X,,,X,,,TN1,19900,24900,11900,5950,,,5970,7470,3570,1785,0,0,x,x,https://dataracing.com.ar/cars/vw-golf-4-1-8t-150-hp/,,,,,
124,VW,Sharan,,3271,,1.4T,160,205,45,61,4500,240,329,X,X,X,X,X,X,,,,,,TN2,24900,28900,13900,6950,,,7470,8670,4170,2085,0,0,203,1325 267,https://dataracing.com.ar/cars/vw-sirocco-1-4t-160-hp/,,,,,
105,VW,Tiguan,,3148,,2.0TSI,211,265,54,93,4700,290,440,X,X,X,X,X,X,,,X,X,,TN2,24900,28900,13900,6950,,,7470,8670,4170,2085,0,0,203,128,https://dataracing.com.ar/cars/vw-tiguan-2-0tsi-211-hp/,,,,,
127,VW,Tiguan,,3339,,2.0TDI CR,140,180,40,42,4100,321,380,X,X,X,,X,,X,,,X,,TD2,19900,19900,11900,2975,17900,8950,5970,5970,3570,892.5,5370,2685,399,1165 269,https://dataracing.com.ar/cars/vw-vento-mk6-2-0tdi-cr-140-hp/,,,,,
119A,VW,TIGUAN ALLSPACE,,,,1.4TSI EA211,150,175,25,39,3800,250,311,X,X,X,X,X,X,,,,,,TN1,19900,24900,11900,5950,,,5970,7470,3570,1785,0,0,477,1323 725,https://dataracing.com.ar/cars/vw-tiguan-all-space-1-4tsi-150-hp/,,,,,
129,VW,TIGUAN ALLSPACE,,,,2.0TSI MQB,220,300,80,93,4400,348,474,X,X,X,X,X,X,,,,,,TN4,36900,41900,19900,9950,,,11070,12570,5970,2985,0,0,473,830,https://dataracing.com.ar/cars/vw-golf-gti-2-0tsi-220-hp/,,,,,
125,VW,UP,,3289,,1.0L,75,82,7,8,5600,96,108,,X,X,X,X,X,,,,,,A2,15900,17900,9900,4950,,,4770,5370,2970,1485,0,0,x,1276 472 916,https://dataracing.com.ar/cars/vw-up-1-0l-75-hp/,,,,,
131,VW,UP,,3294,,1.0TSI,100,135,35,32,3000,167,212,X,X,X,X,X,X,,,,,,TN1,19900,24900,11900,5950,,,5970,7470,3570,1785,0,0,477,1322 695,https://dataracing.com.ar/cars/vw-up-pepper-1-0tsi-100-hp/,,,,,
1112,VOLVO,T5,,4127,,2.5T,200,245,45,49,5000,320,370,,X,X,X,X,X,,,,,,TN1,19900,24900,11900,5950,,,5970,7470,3570,1785,0,0,272,76,,,,,,