code,tipo,marca,modelo,variante,motor,originalpw,modifiedpw,gainpw,maxgainpw,maxgainrpm,originaltorque,modtorque,obd,stg1,acc,ron,vmx,cat,egr,dpf,imm,swr,ms,cat,pricestg1,pricestg2,dtcdecategronly,pricecombo,dpfonly,dpfcombo,dealerpricestg1,dealerpricestg2,dealerdtcdecategronly,dealerpricecombo,dealerdpfonly,dealerdfpcombo,kess,ktag,web
201,AUTO / UTIL,ABARTH,500,,1.4T,135,167,32,36,3800,206,276,1,1,1,1,1,1,0,0,0,0,0,TN1,19900,24900,11900,5950,0,0,5970,7470,3570,1785,0,0,121,24,https://dataracing.com.ar/cars/abaeth-500-1-4t-135-hp/
202,AUTO / UTIL,ABARTH,500 595 EURO 6,,1.4T,165,198,33,59,4100,234,320,0,1,1,1,1,1,0,0,0,0,0,TN2,24900,28900,13900,6950,0,0,7470,8670,4170,2085,0,0,x,1275 642,https://dataracing.com.ar/cars/abarth-595-1-4t-165-hp/
201,AUTO / UTIL,ALFA ROMEO,Giulietta,,1.4T,135,167,32,36,3800,206,276,1,1,1,1,1,1,0,0,0,0,0,TN1,19900,24900,11900,5950,0,0,5970,7470,3570,1785,0,0,121,24,https://dataracing.com.ar/cars/abaeth-500-1-4t-135-hp/
301,AUTO / UTIL,ALFA ROMEO,Giulietta,,1750Bti,235,275,40,0,0,0,0,1,1,1,1,1,1,0,0,0,0,0,TN2,24900,28900,13900,6950,0,0,7470,8670,4170,2085,0,0,229,1315 150,
302,AUTO / UTIL,ALFA ROMEO,145,,18L,144,156,12,0,0,0,0,1,1,0,1,1,1,0,0,0,0,0,A3,18900,21900,12900,6450,0,0,5670,6570,3870,1935,0,0,4,x,
303,AUTO / UTIL,ALFA ROMEO,145,,20L,150,163,13,0,0,0,0,1,1,0,1,1,1,0,0,0,0,0,A3,18900,21900,12900,6450,0,0,5670,6570,3870,1935,0,0,5,x,
302,AUTO / UTIL,ALFA ROMEO,146,,18L,144,156,12,0,0,0,0,1,1,0,1,1,1,0,0,0,0,0,A3,18900,21900,12900,6450,0,0,5670,6570,3870,1935,0,0,4,x,
303,AUTO / UTIL,ALFA ROMEO,146,,20L,150,163,13,0,0,0,0,1,1,0,1,1,1,0,0,0,0,0,A3,18900,21900,12900,6450,0,0,5670,6570,3870,1935,0,0,5,x,
302,AUTO / UTIL,ALFA ROMEO,147,,18L,144,156,12,0,0,0,0,1,1,0,1,1,1,0,0,0,0,0,A3,18900,21900,12900,6450,0,0,5670,6570,3870,1935,0,0,4,x,
303,AUTO / UTIL,ALFA ROMEO,147,,20L,150,163,13,0,0,0,0,1,1,0,1,1,1,0,0,0,0,0,A3,18900,21900,12900,6450,0,0,5670,6570,3870,1935,0,0,5,x,
302,AUTO / UTIL,ALFA ROMEO,156,,18L,144,156,12,0,0,0,0,1,1,0,1,1,1,0,0,0,0,0,A3,18900,21900,12900,6450,0,0,5670,6570,3870,1935,0,0,4,x,
303,AUTO / UTIL,ALFA ROMEO,156,,20L,150,163,13,0,0,0,0,1,1,0,1,1,1,0,0,0,0,0,A3,18900,21900,12900,6450,0,0,5670,6570,3870,1935,0,0,5,x,
304,AUTO / UTIL,ALFA ROMEO,147 156,,1.9JTD,140,165,25,0,0,0,0,1,1,1,0,1,0,1,0,0,0,0,TD1,16900,16900,10900,2725,15900,7950,5070,5070,3270,817.5,4770,2385,54,1,
305,AUTO / UTIL,ALFA ROMEO,MITO,,1.4T,155,180,25,0,0,0,0,1,1,1,1,1,1,0,0,0,0,0,TN1,19900,24900,11900,5950,0,0,5970,7470,3570,1785,0,0,121,24,
201,AUTO / UTIL,ALFA ROMEO,MITO,,1.4T,135,167,32,36,3800,206,276,1,1,1,1,1,1,0,0,0,0,0,TN1,19900,24900,11900,5950,0,0,5970,7470,3570,1785,0,0,121,24,https://dataracing.com.ar/cars/abaeth-500-1-4t-135-hp/
109,AUTO / UTIL,AUDI,A1,,1.4TFSI,125,150,25,32,3300,209,280,1,1,1,1,1,1,0,0,0,0,0,TN1,19900,24900,11900,5950,0,0,5970,7470,3570,1785,0,0,203,128,https://dataracing.com.ar/cars/audi-a3-8v-1-4t-ea-211-hp/
126,AUTO / UTIL,AUDI,A1,,1.4T EA211,125,162,37,38,4900,202,262,1,1,1,1,1,1,0,0,0,0,0,TN1,19900,24900,11900,5950,0,0,5970,7470,3570,1785,0,0,465,1321 179,https://dataracing.com.ar/cars/audi-a1-1-4t-ea211-122-hp/
128,AUTO / UTIL,AUDI,A1,,1.2TSI,90,120,30,0,0,0,0,1,1,1,1,1,1,0,0,0,0,0,TN1,19900,24900,11900,5950,0,0,5970,7470,3570,1785,0,0,384,x,
118,AUTO / UTIL,AUDI,A3 8L,,1.6,101,111,10,10,5200,142,156,0,1,1,1,1,1,0,0,1,0,0,A1,13900,15900,8900,4450,0,0,4170,4770,2670,1335,0,0,x,186,https://dataracing.com.ar/cars/vw-gol-trend-1-6-101-hp/
101,AUTO / UTIL,AUDI,A3 8L,,1.8T,150,188,40,57,3900,210,305,1,1,1,1,1,1,0,0,1,0,0,TN1,19900,24900,11900,5950,0,0,5970,7470,3570,1785,0,0,x,x,https://dataracing.com.ar/cars/vw-golf-4-1-8t-150-hp/
102,AUTO / UTIL,AUDI,A3 8L,,1.8T,180,215,35,56,4600,235,335,1,1,1,1,1,1,0,0,1,0,1,TN1,19900,24900,11900,5950,0,0,5970,7470,3570,1785,0,0,39,53,https://dataracing.com.ar/cars/vw-bora-1-8t-180-hp/
103A,AUTO / UTIL,AUDI,A3 8L,,1.9TDI,90,120,30,33,3200,210,280,1,1,1,0,1,0,1,0,1,0,0,TD1,16900,16900,10900,2725,15900,7950,5070,5070,3270,817.5,4770,2385,11,x,https://dataracing.com.ar/cars/vw-golf-4-1-9tdi-90-hp/
107,AUTO / UTIL,AUDI,A3 8P,,1.6L 8V,102,112,10,11,5900,151,162,1,1,1,1,1,1,0,0,0,0,0,A1,13900,15900,8900,4450,0,0,4170,4770,2670,1335,0,0,286,x,https://dataracing.com.ar/cars/audi-a3-8p-1-6l-8v-102-hp/
103B,AUTO / UTIL,AUDI ,A3 8P,,1.9TDI,105,145,40,43,3200,240,340,1,1,1,0,1,0,1,0,1,0,0,TD1,16900,16900,10900,2725,15900,7950,5070,5070,3270,817.5,4770,2385,10,x,https://dataracing.com.ar/cars/volkswagen-bora-1-9tdi-105-hp/
106,AUTO / UTIL,AUDI ,A3 8P,,2.0TDI PD,140,170,30,32,3600,320,410,1,1,1,0,1,0,1,0,1,1,0,TD1,16900,16900,10900,2725,15900,7950,5070,5070,3270,817.5,4770,2385,62,2,https://dataracing.com.ar/cars/vw-vento-5-2-0tdi-pd-140-hp/
104,AUTO / UTIL,AUDI ,A3 8P,,2.0TFSI,200,250,50,53,4300,280,377,1,1,1,1,1,1,0,0,1,1,0,TN2,24900,28900,13900,6950,0,0,7470,8670,4170,2085,0,0,93,64,https://dataracing.com.ar/cars/vw-vento-5-2-0tfsi-200-hp/
127,AUTO / UTIL,AUDI ,A3 8P,,2.0TDI CR,140,180,40,42,4100,321,380,1,1,1,0,1,0,1,0,0,1,0,TD2,19900,19900,11900,2975,17900,8950,5970,5970,3570,892.5,5370,2685,399,1165 269,https://dataracing.com.ar/cars/vw-vento-mk6-2-0tdi-cr-140-hp/
105,AUTO / UTIL,AUDI ,A3 8P,,2.0TSI,211,265,54,93,4700,290,440,1,1,1,1,1,1,0,0,1,1,0,TN2,24900,28900,13900,6950,0,0,7470,8670,4170,2085,0,0,203,128,https://dataracing.com.ar/cars/vw-golf-6-2-0tsi-211-hp/
108,AUTO / UTIL,AUDI ,A3 8P,,1.8TSI,160,218,50,64,4200,256,368,1,1,1,1,1,1,0,0,1,1,0,TN1,19900,24900,11900,5950,0,0,5970,7470,3570,1785,0,0,203,128,https://dataracing.com.ar/cars/audi-a3-8p-1-8tfsi-160-hp/
109,AUTO / UTIL,AUDI,A3 8P,,1.4TFSI,125,150,25,32,3300,209,280,1,1,1,1,1,1,0,0,0,0,0,TN1,19900,24900,11900,5950,0,0,5970,7470,3570,1785,0,0,203,128,https://dataracing.com.ar/cars/audi-a3-8v-1-4t-ea-211-hp/
114,AUTO / UTIL,AUDI,A3 8P,,3.2 V6,250,270,20,20,6200,318,340,1,1,1,1,1,1,0,0,1,0,0,A3,18900,21900,12900,6450,0,0,5670,6570,3870,1935,0,0,120,52,https://dataracing.com.ar/cars/audi-tt-mk-2-3-2-v6-250-hp/
126,AUTO / UTIL,AUDI,A3 8V,,1.4T EA211,125,162,37,38,4900,202,262,1,1,1,1,1,1,0,0,0,0,0,TN1,19900,24900,11900,5950,0,0,5970,7470,3570,1785,0,0,465,1321 179,https://dataracing.com.ar/cars/audi-a1-1-4t-ea211-122-hp/
119A,AUTO / UTIL,AUDI,A3 8V,,1.4TSI EA211,150,175,25,39,3800,250,311,1,1,1,1,1,1,0,0,0,0,0,TN1,19900,24900,11900,5950,0,0,5970,7470,3570,1785,0,0,477,1323 725,https://dataracing.com.ar/cars/vw-golf-7-1-4tsi-150-hp/
132,AUTO / UTIL,AUDI,A3 8V,,1.8T GEN3,170,230,70,68,5400,323,424,1,1,1,1,1,1,0,0,0,0,0,TN2,24900,28900,13900,6950,0,0,7470,8670,4170,2085,0,0,469,x,https://dataracing.com.ar/cars/audi-a3-8v-1-8t-gen-3-170-hp/
110,AUTO / UTIL,AUDI,S3 8L,,1.8T,210,250,40,0,0,0,0,1,1,1,1,1,1,0,0,1,0,0,TN1,19900,24900,11900,5950,0,0,5970,7470,3570,1785,0,0,38,48,
110,AUTO / UTIL,AUDI,S3 8L,,1.8T,210,250,40,0,0,0,0,1,1,1,1,1,1,0,0,1,0,0,TN1,19900,24900,11900,5950,0,0,5970,7470,3570,1785,0,0,38,48,
115,AUTO / UTIL,AUDI,S3 8P,,2.0TFSI,265,310,45,51,5400,358,420,1,1,1,1,1,1,0,0,1,1,0,TN2,24900,28900,13900,6950,0,0,7470,8670,4170,2085,0,0,93,64,https://dataracing.com.ar/cars/audi-s3-8p-2-0tfsi-265-hp/
136,AUTO / UTIL,AUDI,S3 8V,,20TSI MQB,300,370,70,98,5000,380,490,1,1,1,1,1,1,0,0,0,0,0,TN4,36900,41900,19900,9950,0,0,11070,12570,5970,2985,0,0,473,830,https://dataracing.com.ar/cars/audi-s3-8v-2-0tsi-mqb-300-hp/
101,AUTO / UTIL,AUDI,A4 B5,,1.8T,150,188,40,57,3900,210,305,1,1,1,1,1,1,0,0,1,0,0,TN1,19900,24900,11900,5950,0,0,5970,7470,3570,1785,0,0,x,x,https://dataracing.com.ar/cars/vw-golf-4-1-8t-150-hp/
102,AUTO / UTIL,AUDI,A4 B6,,1.8T,180,215,35,56,4600,235,335,1,1,1,1,1,1,0,0,1,0,1,TN1,19900,24900,11900,5950,0,0,5970,7470,3570,1785,0,0,39,53,https://dataracing.com.ar/cars/vw-bora-1-8t-180-hp/
111,AUTO / UTIL,AUDI,A4 B8,,1.8TFSI,163,218,47,64,4200,256,365,1,1,1,1,1,1,0,0,1,1,0,TN1,19900,24900,11900,5950,0,0,5970,7470,3570,1785,0,0,39,53,https://dataracing.com.ar/cars/audi-tt-mk2-1-8tfsi-163-hp/
112,AUTO / UTIL,AUDI,A4 B8,,2.0TFSI,211,265,48,66,5400,360,439,1,1,1,1,1,1,0,0,1,1,0,TN2,24900,28900,13900,6950,0,0,7470,8670,4170,2085,0,0,x,1304 293,https://dataracing.com.ar/cars/audi-a5-b8-2-0tfsi-211-hp/
127,AUTO / UTIL,AUDI,A4 B8,,2.0TDI CR,140,180,40,42,4100,321,380,1,1,1,0,1,0,1,0,0,1,0,TD2,19900,19900,11900,2975,17900,8950,5970,5970,3570,892.5,5370,2685,399,1165 269,https://dataracing.com.ar/cars/vw-vento-mk6-2-0tdi-cr-140-hp/
113,AUTO / UTIL,AUDI,A4 B8,,20TDI CR,170,210,40,0,0,0,0,1,1,1,0,1,0,1,0,1,1,0,TD3,24900,24900,14900,3725,22900,11450,7470,7470,4470,1117.5,6870,3435,501,1221 146,https://dataracing.com.ar/cars/audi-q5-2-0tdi-cr-140-hp/
139,AUTO / UTIL,AUDI,A4 B9,,20TSI GEN3,252,310,58,69,4400,370,474,1,1,1,1,1,1,0,0,0,0,0,TN4,36900,41900,19900,9950,0,0,11070,12570,5970,2985,0,0,473,830,https://dataracing.com.ar/cars/audi-a4-b8-2-0tsi-gen-3-252-hp/
103C,AUTO / UTIL,AUDI,A4 B6,,1.9TDI,115,154,39,43,3200,285,350,1,1,1,0,1,0,1,0,1,0,0,TD1,16900,16900,10900,2725,15900,7950,5070,5070,3270,817.5,4770,2385,10,x,https://dataracing.com.ar/cars/vw-sharan-1-9tdi-115-hp/
106,AUTO / UTIL,AUDI,A4 B7,,2.0TDI PD,140,170,30,32,3600,320,410,1,1,1,0,1,0,1,0,1,1,0,TD1,16900,16900,10900,2725,15900,7950,5070,5070,3270,817.5,4770,2385,62,2,https://dataracing.com.ar/cars/vw-vento-5-2-0tdi-pd-140-hp/
104,AUTO / UTIL,AUDI,A4 B7,,2.0TFSI,200,250,50,53,4300,280,377,1,1,1,1,1,1,0,0,1,1,0,TN2,24900,28900,13900,6950,0,0,7470,8670,4170,2085,0,0,93,64,https://dataracing.com.ar/cars/vw-vento-5-2-0tfsi-200-hp/
112,AUTO / UTIL,AUDI,A5 B8,,2.0TFSI,211,265,48,66,5400,360,439,1,1,1,1,1,1,0,0,1,1,0,TN2,24900,28900,13900,6950,0,0,7470,8670,4170,2085,0,0,x,1304 293,https://dataracing.com.ar/cars/audi-a5-b8-2-0tfsi-211-hp/
114,AUTO / UTIL,AUDI,A5 B8,,3.2 V6,250,270,20,20,6200,318,340,1,1,1,1,1,1,0,0,1,0,0,A3,18900,21900,12900,6450,0,0,5670,6570,3870,1935,0,0,120,52,https://dataracing.com.ar/cars/audi-tt-mk-2-3-2-v6-250-hp/
137,AUTO / UTIL,AUDI,A5 B9,,20TSI GEN3 190HP,190,240,50,77,3900,320,395,1,1,1,1,1,1,0,0,0,0,0,TN4,36900,41900,19900,9950,0,0,11070,12570,5970,2985,0,0,x,1027 1308,https://dataracing.com.ar/cars/audi-a5-b9-2-0tsi-gen-3-190-hp/
127,AUTO / UTIL,AUDI,Q5,,2.0TDI CR,140,180,40,42,4100,321,380,1,1,1,0,1,0,1,0,0,1,0,TD2,19900,19900,11900,2975,17900,8950,5970,5970,3570,892.5,5370,2685,399,1165 269,https://dataracing.com.ar/cars/vw-vento-mk6-2-0tdi-cr-140-hp/
113,AUTO / UTIL,AUDI,Q5,,20TDI CR,170,210,40,0,0,0,0,1,1,1,0,1,0,1,0,1,1,0,TD3,24900,24900,14900,3725,22900,11450,7470,7470,4470,1117.5,6870,3435,501,1221 146,https://dataracing.com.ar/cars/audi-q5-2-0tdi-cr-140-hp/
112,AUTO / UTIL,AUDI,Q5,,2.0TFSI,211,265,48,66,5400,360,439,1,1,1,1,1,1,0,0,1,1,0,TN2,24900,28900,13900,6950,0,0,7470,8670,4170,2085,0,0,x,1304 293,https://dataracing.com.ar/cars/audi-a5-b8-2-0tfsi-211-hp/
129,AUTO / UTIL,AUDI,Q5,,2.0TSI MQB,220,300,80,93,4400,348,474,1,1,1,1,1,1,0,0,0,0,0,TN4,36900,41900,19900,9950,0,0,11070,12570,5970,2985,0,0,473,830,https://dataracing.com.ar/cars/vw-golf-gti-2-0tsi-220-hp/
139,AUTO / UTIL,AUDI,Q5,,20TSI GEN3,252,310,58,69,4400,370,474,1,1,1,1,1,1,0,0,0,0,0,TN4,36900,41900,19900,9950,0,0,11070,12570,5970,2985,0,0,473,830,https://dataracing.com.ar/cars/audi-a4-b8-2-0tsi-gen-3-252-hp/
102,AUTO / UTIL,AUDI,TT MK1,,1.8T,180,215,35,56,4600,235,335,1,1,1,1,1,1,0,0,1,0,1,TN1,19900,24900,11900,5950,0,0,5970,7470,3570,1785,0,0,39,53,https://dataracing.com.ar/cars/vw-bora-1-8t-180-hp/
110,AUTO / UTIL,AUDI,TT MK1,,1.8T,210,250,40,0,0,0,0,1,1,1,1,1,1,0,0,1,0,0,TN1,19900,24900,11900,5950,0,0,5970,7470,3570,1785,0,0,38,48,
111,AUTO / UTIL,AUDI,TT MK2,,1.8TFSI,163,218,47,64,4200,256,365,1,1,1,1,1,1,0,0,1,1,0,TN1,19900,24900,11900,5950,0,0,5970,7470,3570,1785,0,0,39,53,https://dataracing.com.ar/cars/audi-tt-mk2-1-8tfsi-163-hp/
112,AUTO / UTIL,AUDI ,TT MK2,,2.0TFSI,211,265,48,66,5400,360,439,1,1,1,1,1,1,0,0,1,1,0,TN2,24900,28900,13900,6950,0,0,7470,8670,4170,2085,0,0,x,1304 293,https://dataracing.com.ar/cars/audi-a5-b8-2-0tfsi-211-hp/
114,AUTO / UTIL,AUDI,TT MK2,,3.2 V6,250,270,20,20,6200,318,340,1,1,1,1,1,1,0,0,1,0,0,A3,18900,21900,12900,6450,0,0,5670,6570,3870,1935,0,0,120,52,https://dataracing.com.ar/cars/audi-tt-mk-2-3-2-v6-250-hp/
401,AUTO / UTIL,BRP,Sea-doo,,R1P215,215,230,15,0,0,0,0,0,1,1,1,1,0,0,0,0,0,0,TN2,24900,28900,13900,6950,0,0,7470,8670,4170,2085,0,0,x,1285 180,
402,AUTO / UTIL,BRP,Sea-doo,,R1T260,260,280,20,0,0,0,0,0,1,1,1,1,0,0,0,0,0,0,TN2,24900,28900,13900,6950,0,0,7470,8670,4170,2085,0,0,x,1285 180,
403,AUTO / UTIL,BRP,Sea-doo spark,,Spark 900,60-90,105,15,0,0,0,0,0,1,1,1,1,0,0,0,0,0,0,TN2,24900,28900,13900,6950,0,0,7470,8670,4170,2085,0,0,x,180,
404,AUTO / UTIL,BRP,Sea-doo GTI,,GTI 1500,130,145,15,0,0,0,0,0,1,1,1,1,0,0,0,0,0,0,TN2,24900,28900,13900,6950,0,0,7470,8670,4170,2085,0,0,x,1285 180,
501,AUTO / UTIL,BMW,SERIE 1 Exx,,116i,116,126,10,10,5100,150,292,0,1,1,1,1,1,0,0,0,0,0,A3,18900,21900,12900,6450,0,0,5670,6570,3870,1935,0,0,,171,https://dataracing.com.ar/cars/bmw-116-i-1-6l-116-hp/
502,AUTO / UTIL,BMW,SERIE 1 Exx,,118i,143,156,13,16,5100,190,254,0,1,1,1,1,1,0,0,0,0,0,A3,18900,21900,12900,6450,0,0,5670,6570,3870,1935,0,0,202,991,https://dataracing.com.ar/cars/bmw-118i-1-8l-143-hp/
503,AUTO / UTIL,BMW,SERIE 1 Exx,,120i 320i,168,178,15,15,5100,210,222,0,1,1,1,1,1,0,0,0,0,0,A4,24900,28900,14900,7450,0,0,7470,8670,4470,2235,0,0,202,991,https://dataracing.com.ar/cars/bmw-120i-3320-i-2-0l-163-hp/
504,AUTO / UTIL,BMW,SERIE 1 Exx,,120d 320d,177,215,38,38,4100,350,423,0,1,1,0,1,0,1,1,0,1,0,TD3,24900,24900,14900,3725,22900,11450,7470,7470,4470,1117.5,6870,3435,215 692,1208 154,https://dataracing.com.ar/cars/bmw-120d-320d-x1-2-0d-177-hp-n47/
505,AUTO / UTIL,BMW,SERIE 1 Exx,,125i 325i,218,236,18,18,6600,250,261,1,1,1,1,1,1,0,0,0,0,0,A4,24900,28900,14900,7450,0,0,7470,8670,4470,2235,0,0,202,990,https://dataracing.com.ar/cars/bmw-125i-325i-3-0l-218-hp-n53/
506,AUTO / UTIL,BMW,SERIE 1 Exx,,130i 330i,265,280,15,20,5800,310,331,1,1,1,1,1,1,0,0,0,0,0,A4,24900,28900,14900,7450,0,0,7470,8670,4470,2235,0,0,202,986,https://dataracing.com.ar/cars/bmw-130i-330i-3-0l-265-hp-n53/
507,AUTO / UTIL,BMW,SERIE 1 Exx,,135i 335i N54,306,355,49,50,4500,400,525,1,1,1,1,1,1,0,0,0,0,0,TN4,36900,41900,19900,9950,0,0,11070,12570,5970,2985,0,0,202,986,https://dataracing.com.ar/cars/bmw-135i-335i-3-0tt-306-hp-n54/
508,AUTO / UTIL,BMW,SERIE 1 Exx,,135i 335i N55,306,355,49,50,4500,400,525,1,1,1,1,1,1,0,0,0,0,0,TN4,36900,41900,19900,9950,0,0,11070,12570,5970,2985,0,0,695,1351 215,https://dataracing.com.ar/cars/bmw-135i-335i-x5-x6-3-0t-306-hp-n55/
509,AUTO / UTIL,BMW,SERIE 1 Exx,,M1,340,390,50,0,0,500,0,1,1,1,1,1,1,0,0,0,0,0,TN4,36900,41900,19900,9950,0,0,11070,12570,5970,2985,0,0,629,1357 678,
532,AUTO / UTIL,BMW,SERIE 1 Fxx,,1.6T,170,205,35,27,4900,250,332,1,1,1,1,1,1,0,0,0,0,0,TN4,36900,41900,19900,9950,0,0,11070,12570,5970,2985,0,0,629,1355 679,https://dataracing.com.ar/cars/bmw-118i-1-6t-170-hp-n13/
535,AUTO / UTIL,BMW,SERIE 1 Fxx,,120d 320d,184,220,36,35,4100,380,471,1,1,1,0,1,0,1,1,0,0,0,TD3,24900,24900,14900,3725,22900,11450,7470,7470,4470,1117.5,6870,3435,628,1175 668,https://dataracing.com.ar/cars/bmw-120d-320d-2-0d-184-hp-n47/
537,AUTO / UTIL,BMW,SERIE 1 Fxx,,118D 318D,141,170,29,30,4200,320,411,1,1,1,0,1,0,1,1,0,0,0,TD3,24900,24900,14900,3725,22900,11450,7470,7470,4470,1117.5,6870,3435,215 692,1208 154,https://dataracing.com.ar/cars/bmw-118-d-318d-2-0d-141-hp-n47/
523,AUTO / UTIL,BMW,SERIE 1 F20 LCI 118i,,15T B38,136,180,44,47,5100,220,284,1,1,1,1,1,1,0,0,0,0,0,TN4,36900,41900,19900,9950,0,0,11070,12570,5970,2985,0,0,629,1353 719,https://dataracing.com.ar/cars/bmw-118i-1-5t-136-hp-b37/
538,AUTO / UTIL,BMW,SERIE 1 F20 LCI 120i,,16T N13,174,210,36,44,6100,250,296,1,1,1,1,1,1,0,0,0,0,0,TN4,36900,41900,19900,9950,0,0,11070,12570,5970,2985,0,0,629,1355 679,https://dataracing.com.ar/cars/bmw-120i-320i-1-6t-174-hp-n13/
540,AUTO / UTIL,BMW,SERIE 1 F20 LCI 120i,,20t B48 192hp,192,250,58,57,5900,280,328,1,1,1,1,1,1,0,0,0,0,0,TN4,36900,41900,19900,9950,0,0,11070,12570,5970,2985,0,0,702,1401,
542,AUTO / UTIL,BMW,SERIE 1 F20 LCI 140i,,30T B58 ,340,400,60,65,4800,500,600,1,1,1,1,1,1,0,0,0,0,0,TN6,59900,69900,22900,11450,0,0,17970,20970,6870,3435,0,0,702,1419,
514,AUTO / UTIL,BMW,SERIE 2 F21,,M2,370,410,40,45,5700,465,528,1,1,1,1,1,1,0,0,0,0,0,TN4,36900,41900,19900,9950,0,0,11070,12570,5970,2985,0,0,629,1357 678,
534,AUTO / UTIL,BMW,SERIE 2 F22,,2.0t n20,184,255,71,74,5900,270,379,1,1,1,1,1,1,0,0,0,0,0,TN4,36900,41900,19900,9950,0,0,11070,12570,5970,2985,0,0,629,1355 679,https://dataracing.com.ar/cars/bmw-328i-428i-x1-2-0t-245-hp-n20/
539,AUTO / UTIL,BMW,SERIE 2 F 235I,,135i 235i 335i 435i N55 Fxx,306,355,49,50,4500,400,525,1,1,1,1,1,1,0,0,0,0,0,TN5,44900,54900,19900,9950,0,0,13470,16470,5970,2985,0,0,629,1356 679,
540,AUTO / UTIL,BMW,SERIE 2 F 220i,,20t B48 192hp,192,250,58,57,5900,280,328,1,1,1,1,1,1,0,0,0,0,0,TN4,36900,41900,19900,9950,0,0,11070,12570,5970,2985,0,0,702,1401,
542,AUTO / UTIL,BMW,SERIE 2 F 240i,,30T B58 ,340,400,60,65,4800,500,600,1,1,1,1,1,1,0,0,0,0,0,TN6,59900,69900,22900,11450,0,0,17970,20970,6870,3435,0,0,702,1419,
511,AUTO / UTIL,BMW,SERIE 3 E36,,318i,115,123,8,0,0,162,0,1,1,1,1,1,1,0,0,0,0,0,A3,18900,21900,12900,6450,0,0,5670,6570,3870,1935,0,0,250,x,
533,AUTO / UTIL,BMW,SERIE 3 E36,,2.0td,90,115,25,0,0,0,0,0,1,1,0,1,0,1,0,0,0,0,TD3,24900,24900,14900,3725,22900,11450,7470,7470,4470,1117.5,6870,3435,x,x,
512,AUTO / UTIL,BMW,SERIE 3 E36,,323i,170,185,15,16,4900,245,269,1,1,1,1,1,1,0,0,0,0,0,A4,24900,28900,14900,7450,0,0,7470,8670,4470,2235,0,0,145,x,
513,AUTO / UTIL,BMW,SERIE 3 E36,,325i,192,211,19,22,6300,250,279,1,1,1,1,1,1,0,0,0,0,0,A4,24900,28900,14900,7450,0,0,7470,8670,4470,2235,0,0,145,x,
515,AUTO / UTIL,BMW,SERIE 3 E46,,320d,136,166,30,0,0,0,0,1,1,1,0,1,0,1,1,0,1,0,TD2,19900,19900,11900,2975,17900,8950,5970,5970,3570,892.5,5370,2685,50,x,
516,AUTO / UTIL,BMW,SERIE 3 E46,,320i,170,190,20,0,0,0,0,1,1,1,1,1,1,0,0,0,0,0,A3,18900,21900,12900,6450,0,0,5670,6570,3870,1935,0,0,59,x,
513,AUTO / UTIL,BMW,SERIE 3 E46,,325i,192,211,19,22,6300,250,279,1,1,1,1,1,1,0,0,0,0,0,A4,24900,28900,14900,7450,0,0,7470,8670,4470,2235,0,0,145,x,
517,AUTO / UTIL,BMW,SERIE 3 E46,,328i,193,210,17,0,0,0,0,1,1,1,1,1,1,0,0,0,0,0,A4,24900,28900,14900,7450,0,0,7470,8670,4470,2235,0,0,60,x,
518,AUTO / UTIL,BMW,SERIE 3 E46,,330i,228,244,16,0,0,0,0,1,1,1,1,1,1,0,0,0,0,0,A4,24900,28900,14900,7450,0,0,7470,8670,4470,2235,0,0,59,x,
519,AUTO / UTIL,BMW,SERIE 3 E46,,M3,343,360,17,0,0,0,0,1,1,1,1,1,1,0,0,0,0,0,A4,24900,28900,14900,7450,0,0,7470,8670,4470,2235,0,0,132,x,
504,AUTO / UTIL,BMW,SERIE 3 E90,,120d 320d,177,215,38,38,4100,350,423,0,1,1,0,1,0,1,1,0,1,0,TD3,24900,24900,14900,3725,22900,11450,7470,7470,4470,1117.5,6870,3435,215 692,1208 154,https://dataracing.com.ar/cars/bmw-120d-320d-x1-2-0d-177-hp-n47/
503,AUTO / UTIL,BMW,SERIE 3 E90,,120i 320i,168,178,15,15,5100,210,222,0,1,1,1,1,1,0,0,0,0,0,A4,24900,28900,14900,7450,0,0,7470,8670,4470,2235,0,0,202,991,https://dataracing.com.ar/cars/bmw-120i-3320-i-2-0l-163-hp/
520,AUTO / UTIL,BMW,SERIE 3 E90,,323i,177,192,15,0,0,0,0,1,1,1,1,1,1,0,0,0,0,0,A4,24900,28900,14900,7450,0,0,7470,8670,4470,2235,0,0,145,x,
505,AUTO / UTIL,BMW,SERIE 3 E90,,125i 325i,218,236,18,18,6600,250,261,1,1,1,1,1,1,0,0,0,0,0,A4,24900,28900,14900,7450,0,0,7470,8670,4470,2235,0,0,202,990,https://dataracing.com.ar/cars/bmw-125i-325i-3-0l-218-hp-n53/
506,AUTO / UTIL,BMW,SERIE 3 E90,,130i 330i,265,280,15,20,5800,310,331,1,1,1,1,1,1,0,0,0,0,0,A4,24900,28900,14900,7450,0,0,7470,8670,4470,2235,0,0,202,986,https://dataracing.com.ar/cars/bmw-130i-330i-3-0l-265-hp-n53/
521,AUTO / UTIL,BMW,SERIE 3 E90,,330d,245,290,45,48,4200,520,620,1,1,1,0,1,0,1,1,0,0,0,TD3,24900,24900,14900,3725,22900,11450,7470,7470,4470,1117.5,6870,3435,164,100,
507,AUTO / UTIL,BMW,SERIE 3 E90,,135i 335i N54,306,355,49,50,4500,400,525,1,1,1,1,1,1,0,0,0,0,0,TN4,36900,41900,19900,9950,0,0,11070,12570,5970,2985,0,0,202,986,https://dataracing.com.ar/cars/bmw-135i-335i-3-0tt-306-hp-n54/
522,AUTO / UTIL,BMW,SERIE 3 E90,,M3,420,440,20,19,4600,500,602,1,1,1,1,1,1,0,0,0,0,0,TN4,36900,41900,19900,9950,0,0,11070,12570,5970,2985,0,0,205,117,
534,AUTO / UTIL,BMW,SERIE 3 F 320i,,2.0t n20,184,255,71,74,5900,270,379,1,1,1,1,1,1,0,0,0,0,0,TN4,36900,41900,19900,9950,0,0,11070,12570,5970,2985,0,0,629,1355 679,https://dataracing.com.ar/cars/bmw-328i-428i-x1-2-0t-245-hp-n20/
510,AUTO / UTIL,BMW,SERIE 3 F 328i,,28i N20 245HP,245,290,45,45,5100,350,427,1,1,1,1,1,1,0,0,0,0,0,TN4,36900,41900,19900,9950,0,0,11070,12570,5970,2985,0,0,629,1355 679,
541,AUTO / UTIL,BMW,SERIE 3 F 330i,,20T B48 252HP,252,287,35,37,4900,350,450,1,1,1,1,1,1,0,0,0,0,0,TN5,44900,54900,19900,9950,0,0,13470,16470,5970,2985,0,0,702,1419,
542,AUTO / UTIL,BMW,SERIE 3 F 340i,,30T B58 ,340,400,60,65,4800,500,600,1,1,1,1,1,1,0,0,0,0,0,TN6,59900,69900,22900,11450,0,0,17970,20970,6870,3435,0,0,702,1419,
510,AUTO / UTIL,BMW,SERIE 4 F 428i,,28i N20 245HP,245,290,45,45,5100,350,427,1,1,1,1,1,1,0,0,0,0,0,TN4,36900,41900,19900,9950,0,0,11070,12570,5970,2985,0,0,629,1355 679,
541,AUTO / UTIL,BMW,SERIE 4 F 430i,,20T B48 252HP,252,287,35,37,4900,350,450,1,1,1,1,1,1,0,0,0,0,0,TN5,44900,54900,19900,9950,0,0,13470,16470,5970,2985,0,0,702,1419,
542,AUTO / UTIL,BMW,SERIE 4 F 440i,,30T B58 ,340,400,60,65,4800,500,600,1,1,1,1,1,1,0,0,0,0,0,TN6,59900,69900,22900,11450,0,0,17970,20970,6870,3435,0,0,702,1419,
525,AUTO / UTIL,BMW,SERIE 5 E69,,4.4i,286,308,22,29,4600,440,470,1,1,1,1,1,1,0,0,0,0,0,#N/D,#N/A,#N/A,#N/A,#N/A,#N/A,#N/A,#N/A,#N/A,#N/A,#N/A,#N/A,#N/A,148,604,
504,AUTO / UTIL,BMW,SERIE 5 E60,,120d 320d,177,215,38,38,4100,350,423,0,1,1,0,1,0,1,1,0,1,0,TD3,24900,24900,14900,3725,22900,11450,7470,7470,4470,1117.5,6870,3435,215 692,1208 154,https://dataracing.com.ar/cars/bmw-120d-320d-x1-2-0d-177-hp-n47/
521,AUTO / UTIL,BMW,SERIE 5 E60,,330d,245,290,45,48,4200,520,620,1,1,1,0,1,0,1,1,0,0,0,TD3,24900,24900,14900,3725,22900,11450,7470,7470,4470,1117.5,6870,3435,164,100,
521,AUTO / UTIL,BMW,SERIE 5 E60,,330d,245,290,45,48,4200,520,620,1,1,1,0,1,0,1,1,0,0,0,TD3,24900,24900,14900,3725,22900,11450,7470,7470,4470,1117.5,6870,3435,164,100,
536,AUTO / UTIL,BMW,SERIE 5 F10,,530d n57,255,310,55,0,0,0,0,1,1,1,0,1,0,1,1,0,0,0,TD4,35900,35900,19900,4975,24900,12450,10770,10770,5970,1492.5,7470,3735,628,1184 670,
524,AUTO / UTIL,BMW,SERIE 5 E60,,M5 V10,507,525,18,0,0,0,0,1,1,1,1,1,1,0,0,0,0,0,TN4,36900,41900,19900,9950,0,0,11070,12570,5970,2985,0,0,205,x,
524,AUTO / UTIL,BMW,SERIE 6 E63,,M5 V10,507,525,18,0,0,0,0,1,1,1,1,1,1,0,0,0,0,0,TN4,36900,41900,19900,9950,0,0,11070,12570,5970,2985,0,0,205,x,
504,AUTO / UTIL,BMW,11,,120d 320d,177,215,38,38,4100,350,423,0,1,1,0,1,0,1,1,0,1,0,TD3,24900,24900,14900,3725,22900,11450,7470,7470,4470,1117.5,6870,3435,215 692,1208 154,https://dataracing.com.ar/cars/bmw-120d-320d-x1-2-0d-177-hp-n47/
540,AUTO / UTIL,BMW,11 F 20i,,20t B48 192hp,192,250,58,57,5900,280,328,1,1,1,1,1,1,0,0,0,0,0,TN4,36900,41900,19900,9950,0,0,11070,12570,5970,2985,0,0,702,1401,
504,AUTO / UTIL,BMW,13,,120d 320d,177,215,38,38,4100,350,423,0,1,1,0,1,0,1,1,0,1,0,TD3,24900,24900,14900,3725,22900,11450,7470,7470,4470,1117.5,6870,3435,215 692,1208 154,https://dataracing.com.ar/cars/bmw-120d-320d-x1-2-0d-177-hp-n47/
505,AUTO / UTIL,BMW,13,,125i 325i,218,236,18,18,6600,250,261,1,1,1,1,1,1,0,0,0,0,0,A4,24900,28900,14900,7450,0,0,7470,8670,4470,2235,0,0,202,990,https://dataracing.com.ar/cars/bmw-125i-325i-3-0l-218-hp-n53/
506,AUTO / UTIL,BMW,13,,130i 330i,265,280,15,20,5800,310,331,1,1,1,1,1,1,0,0,0,0,0,A4,24900,28900,14900,7450,0,0,7470,8670,4470,2235,0,0,202,986,https://dataracing.com.ar/cars/bmw-130i-330i-3-0l-265-hp-n53/
521,AUTO / UTIL,BMW,15,,330d,245,290,45,48,4200,520,620,1,1,1,0,1,0,1,1,0,0,0,TD3,24900,24900,14900,3725,22900,11450,7470,7470,4470,1117.5,6870,3435,164,100,
521,AUTO / UTIL,BMW,15,,330d,245,290,45,48,4200,520,620,1,1,1,0,1,0,1,1,0,0,0,TD3,24900,24900,14900,3725,22900,11450,7470,7470,4470,1117.5,6870,3435,164,100,
525,AUTO / UTIL,BMW,15,,4.4i,286,308,22,29,4600,440,470,1,1,1,1,1,1,0,0,0,0,0,#N/D,#N/A,#N/A,#N/A,#N/A,#N/A,#N/A,#N/A,#N/A,#N/A,#N/A,#N/A,#N/A,148,604,
527,AUTO / UTIL,BMW,15,,M V8 Bi Turbo,555,600,45,0,0,0,0,1,1,1,1,1,1,0,0,0,0,0,#N/D,#N/A,#N/A,#N/A,#N/A,#N/A,#N/A,#N/A,#N/A,#N/A,#N/A,#N/A,#N/A,202,x,
521,AUTO / UTIL,BMW,15,,330d,245,290,45,48,4200,520,620,1,1,1,0,1,0,1,1,0,0,0,TD3,24900,24900,14900,3725,22900,11450,7470,7470,4470,1117.5,6870,3435,164,100,
529,AUTO / UTIL,BMW,15,,3.0i,258,270,12,0,0,0,0,1,1,1,1,1,1,0,0,0,0,0,#N/D,#N/A,#N/A,#N/A,#N/A,#N/A,#N/A,#N/A,#N/A,#N/A,#N/A,#N/A,#N/A,202,986,
527,AUTO / UTIL,BMW,16,,M V8 Bi Turbo,555,600,45,0,0,0,0,1,1,1,1,1,1,0,0,0,0,0,#N/D,#N/A,#N/A,#N/A,#N/A,#N/A,#N/A,#N/A,#N/A,#N/A,#N/A,#N/A,#N/A,202,x,
508,AUTO / UTIL,BMW,16,,135i 335i N55,306,355,49,50,4500,400,525,1,1,1,1,1,1,0,0,0,0,0,TN4,36900,41900,19900,9950,0,0,11070,12570,5970,2985,0,0,695,1351 215,https://dataracing.com.ar/cars/bmw-135i-335i-x5-x6-3-0t-306-hp-n55/
530,AUTO / UTIL,BMW,16,,50i,407,460,53,0,0,0,0,1,1,1,1,1,1,0,0,0,0,0,#N/D,#N/A,#N/A,#N/A,#N/A,#N/A,#N/A,#N/A,#N/A,#N/A,#N/A,#N/A,#N/A,202,989,
531,AUTO / UTIL,BMW,Serie Z,,1.9l,118,126,8,0,0,0,0,1,1,1,1,1,1,0,0,0,0,0,#N/D,#N/A,#N/A,#N/A,#N/A,#N/A,#N/A,#N/A,#N/A,#N/A,#N/A,#N/A,#N/A,249,x,
517,AUTO / UTIL,BMW,Serie Z,,328i,193,210,17,0,0,0,0,1,1,1,1,1,1,0,0,0,0,0,A4,24900,28900,14900,7450,0,0,7470,8670,4470,2235,0,0,60,x,
601,AUTO / UTIL,CHEVROLET,Astra,,2.0 8v,116,128,12,14,4900,170,187,1,1,0,1,1,0,0,0,1,0,0,A2,15900,17900,9900,4950,0,0,4770,5370,2970,1485,0,0,26,x,
603,AUTO / UTIL,CHEVROLET,Astra,,2.0 DTI,100,125,25,0,0,0,0,1,1,1,0,1,0,1,0,0,0,0,A2,15900,17900,9900,4950,0,0,4770,5370,2970,1485,0,0,25,x,
602,AUTO / UTIL,CHEVROLET,Astra,,2.4 16v,150,164,14,17,4900,228,267,1,1,1,1,1,0,0,0,1,0,0,A2,15900,17900,9900,4950,0,0,4770,5370,2970,1485,0,0,x,224,
604,AUTO / UTIL,CHEVROLET,Corsa,,1.4l,94,102,8,10,6200,127,136,1,1,1,1,1,0,0,0,1,0,0,A1,13900,15900,8900,4450,0,0,4170,4770,2670,1335,0,0,26,x,
605,AUTO / UTIL,CHEVROLET,Corsa,,1.6l 8v ,100,110,10,0,0,0,0,0,1,0,1,1,0,0,0,1,0,0,A1,13900,15900,8900,4450,0,0,4170,4770,2670,1335,0,0,x,x,
606,AUTO / UTIL,CHEVROLET,Corsa,,1.8l,102,114,12,0,0,0,0,1,1,1,1,1,0,0,0,1,0,0,A1,13900,15900,8900,4450,0,0,4170,4770,2670,1335,0,0,26,x,
607,AUTO / UTIL,CHEVROLET,Cruze,,1.8l,140,154,14,15,5200,176,199,1,1,1,1,1,0,0,0,0,0,0,A2,15900,17900,9900,4950,0,0,4770,5370,2970,1485,0,0,306,333,
608,AUTO / UTIL,CHEVROLET,Cruze,,2.0vcdi,150,186,36,39,2800,320,388,1,1,1,0,1,0,1,1,0,0,0,TD2,19900,19900,11900,2975,17900,8950,5970,5970,3570,892.5,5370,2685,95,74,
616,AUTO / UTIL,CHEVROLET,Cruze,,2.0vcdi,163,192,29,32,2800,360,438,1,1,1,0,1,0,1,1,0,0,0,TD2,19900,19900,11900,2975,17900,8950,5970,5970,3570,892.5,5370,2685,373,1046 458,
615,AUTO / UTIL,CHEVROLET,Cruze,,1.4T,150,180,30,0,0,0,0,1,1,1,1,1,1,0,0,0,0,0,TN3,27900,31900,15900,7950,0,0,8370,9570,4770,2385,0,0,739,x,
608,AUTO / UTIL,CHEVROLET,Captiva,,2.0vcdi,150,186,36,39,2800,320,388,1,1,1,0,1,0,1,1,0,0,0,TD2,19900,19900,11900,2975,17900,8950,5970,5970,3570,892.5,5370,2685,95,74,
616,AUTO / UTIL,CHEVROLET,Captiva,,2.0vcdi,163,192,29,32,2800,360,438,1,1,1,0,1,0,1,1,0,0,0,TD2,19900,19900,11900,2975,17900,8950,5970,5970,3570,892.5,5370,2685,373,1046 458,
601,AUTO / UTIL,CHEVROLET,Vectra,,2.0 8v,116,128,12,14,4900,170,187,1,1,0,1,1,0,0,0,1,0,0,A2,15900,17900,9900,4950,0,0,4770,5370,2970,1485,0,0,26,x,
602,AUTO / UTIL,CHEVROLET,Vectra,,2.4 16v,150,164,14,17,4900,228,267,1,1,1,1,1,0,0,0,1,0,0,A2,15900,17900,9900,4950,0,0,4770,5370,2970,1485,0,0,x,224,
604,AUTO / UTIL,CHEVROLET,Celta,,1.4l,94,102,8,10,6200,127,136,1,1,1,1,1,0,0,0,1,0,0,A1,13900,15900,8900,4450,0,0,4170,4770,2670,1335,0,0,26,x,
609,AUTO / UTIL,CHEVROLET,Celta,,1.0l,60,66,6,7,5200,81,88,1,1,0,1,1,1,0,0,1,0,0,A1,13900,15900,8900,4450,0,0,4170,4770,2670,1335,0,0,20,x,
610,AUTO / UTIL,CHEVROLET,S10,,2.8TD,140,170,30,32,3100,347,397,0,1,1,0,1,0,1,0,1,0,0,C1,19900,19900,11900,2975,17900,8950,5970,5970,3570,892.5,5370,2685,x,17  1492,
611,AUTO / UTIL,CHEVROLET,S10 NUEVA,,2.8TD,200,240,40,42,3300,440,585,1,1,1,0,1,0,1,1,0,0,0,C2,21900,21900,13900,3475,19900,9950,6570,6570,4170,1042.5,5970,2985,568,x,
611,AUTO / UTIL,CHEVROLET,TRAILBLAZER,,2.8TD,200,240,40,42,3300,440,585,1,1,1,0,1,0,1,1,0,0,0,C2,21900,21900,13900,3475,19900,9950,6570,6570,4170,1042.5,5970,2985,568,x,
612,AUTO / UTIL,CHEVROLET,MONTANA,,1.8l,105,116,11,12,5100,161,178,1,1,1,1,1,0,0,0,0,0,0,A2,15900,17900,9900,4950,0,0,4770,5370,2970,1485,0,0,380,465,
612,AUTO / UTIL,CHEVROLET,PRISMA,,1.8l,105,116,11,12,5100,161,178,1,1,1,1,1,0,0,0,0,0,0,A2,15900,17900,9900,4950,0,0,4770,5370,2970,1485,0,0,380,465,
613,AUTO / UTIL,CHEVROLET,AGILE,,1.4L,92,100,8,8,4900,120,133,1,1,1,1,1,0,0,0,0,0,0,A2,15900,17900,9900,4950,0,0,4770,5370,2970,1485,0,0,380,465,
613,AUTO / UTIL,CHEVROLET,ONI1,,1.4L,92,100,8,8,4900,120,133,1,1,1,1,1,0,0,0,0,0,0,A2,15900,17900,9900,4950,0,0,4770,5370,2970,1485,0,0,380,465,
614,AUTO / UTIL,CHEVROLET,SONIC,,1.6L,115,125,10,11,4300,155,171,1,1,1,1,1,0,0,0,0,0,0,A2,15900,17900,9900,4950,0,0,4770,5370,2970,1485,0,0,380,465,
701,AUTO / UTIL,CITROEN,Berlingo,,1.6HDI,92,125,33,34,3700,230,277,0,1,1,0,1,0,1,1,0,0,0,TD2,19900,19900,11900,2975,17900,8950,5970,5970,3570,892.5,5370,2685,x,198,
702,AUTO / UTIL,CITROEN,Berlingo,,2.0HDI,90,120,30,33,3600,205,278,1,1,1,0,1,0,1,0,0,0,0,TD1,16900,16900,10900,2725,15900,7950,5070,5070,3270,817.5,4770,2385,2,x,
704,AUTO / UTIL,CITROEN,C3,,1.6 16v,109,119,10,11,4700,147,162,1,1,1,1,1,1,0,0,1,0,0,A1,13900,15900,8900,4450,0,0,4170,4770,2670,1335,0,0,74,25,
703,AUTO / UTIL,CITROEN,C4,,2.0HDI,110,135,25,33,3600,250,299,1,1,1,0,1,0,1,0,0,0,0,TD1,16900,16900,10900,2725,15900,7950,5070,5070,3270,817.5,4770,2385,58,60,
704,AUTO / UTIL,CITROEN,C4,,1.6 16v,109,119,10,11,4700,147,162,1,1,1,1,1,1,0,0,1,0,0,A1,13900,15900,8900,4450,0,0,4170,4770,2670,1335,0,0,74,25,
705,AUTO / UTIL,CITROEN,C4,,2.0l,140,154,14,15,5100,200,221,1,1,1,1,1,1,0,0,1,0,0,A2,15900,17900,9900,4950,0,0,4770,5370,2970,1485,0,0,42 247,45,
705,AUTO / UTIL,CITROEN,C4 LAUNGE,,2.0l,140,154,14,15,5100,200,221,1,1,1,1,1,1,0,0,1,0,0,A2,15900,17900,9900,4950,0,0,4770,5370,2970,1485,0,0,42 247,45,
706,AUTO / UTIL,CITROEN,C4 LAUNGE,,1.6HDI,115,142,27,28,3500,270,312,0,1,1,0,1,0,1,1,0,0,0,TD2,19900,19900,11900,2975,17900,8950,5970,5970,3570,892.5,5370,2685,58,60,
707B,AUTO / UTIL,CITROEN,C4 LAUNGE,,1.6THP,163,185,22,24,5100,240,297,0,1,1,1,1,1,0,0,1,0,0,TN2,24900,28900,13900,6950,0,0,7470,8670,4170,2085,0,0,x,305,
713,AUTO / UTIL,CITROEN,C4 LAUNGE 2016,,1.6THP,165,200,35,47,4600,240,315,0,1,1,1,1,1,0,0,0,0,0,TN2,24900,28900,13900,6950,0,0,7470,8670,4170,2085,0,0,x,729 317,
708,AUTO / UTIL,CITROEN,C4 VTS,,2.0l,180,195,15,16,6900,202,222,1,1,1,1,1,1,0,0,0,0,0,A2,15900,17900,9900,4950,0,0,4770,5370,2970,1485,0,0,37,46,
703,AUTO / UTIL,CITROEN,C5,,2.0HDI,110,135,25,33,3600,250,299,1,1,1,0,1,0,1,0,0,0,0,TD1,16900,16900,10900,2725,15900,7950,5070,5070,3270,817.5,4770,2385,58,60,
707B,AUTO / UTIL,CITROEN,C5,,1.6THP,163,185,22,24,5100,240,297,0,1,1,1,1,1,0,0,1,0,0,TN2,24900,28900,13900,6950,0,0,7470,8670,4170,2085,0,0,x,305,
701,AUTO / UTIL,CITROEN,C-ELISSE,,1.6HDI,92,125,33,34,3700,230,277,0,1,1,0,1,0,1,1,0,0,0,TD2,19900,19900,11900,2975,17900,8950,5970,5970,3570,892.5,5370,2685,x,198,
711,AUTO / UTIL,CITROEN,C-ELISSE,,1.6 16v,115,124,9,11,5600,152,165,0,1,1,1,1,1,0,0,1,0,0,A2,15900,17900,9900,4950,0,0,4770,5370,2970,1485,0,0,214,196,
707A,AUTO / UTIL,CITROEN,DS3,,1.6THP,156,180,24,25,5100,240,295,1,1,1,1,1,1,0,0,1,0,0,TN2,24900,28900,13900,6950,0,0,7470,8670,4170,2085,0,0,214,216,
707B,AUTO / UTIL,CITROEN,DS3,,1.6THP,163,185,22,24,5100,240,297,0,1,1,1,1,1,0,0,1,0,0,TN2,24900,28900,13900,6950,0,0,7470,8670,4170,2085,0,0,x,305,
707B,AUTO / UTIL,CITROEN,DS4,,1.6THP,163,185,22,24,5100,240,297,0,1,1,1,1,1,0,0,1,0,0,TN2,24900,28900,13900,6950,0,0,7470,8670,4170,2085,0,0,x,305,
715,AUTO / UTIL,CITROEN,JUMPY,,16HDI,115,143,28,29,3600,270,330,1,1,1,0,1,0,1,1,0,0,0,C3,24900,24900,17900,4475,24900,12450,7470,7470,5370,1342.5,7470,3735,715,728 1188,
1016,AUTO / UTIL,CITROEN,JUMPER,,23D,130,160,30,0,0,300,360,1,1,1,0,1,0,1,1,0,0,0,C2,21900,21900,13900,3475,19900,9950,6570,6570,4170,1042.5,5970,2985,,,
1901,AUTO / UTIL,DODGE,RAM1500,,5.7HEMI,395,415,20,28,6000,548,584,1,1,1,1,1,1,0,0,0,0,0,C4,31900,31900,17900,4475,24900,12450,9570,9570,5370,1342.5,7470,3735,625,1010,
1902,AUTO / UTIL,DODGE,RAM 2500,,6.7L CUMMINS,390,450,60,0,0,1100,1250,1,1,1,0,1,0,1,1,0,0,0,C5,39900,39900,29900,7475,39900,19950,11970,11970,8970,2242.5,11970,5985,730,1450,
1001,AUTO / UTIL,FIAT,500 Cult,,1.4 evo,85,93,8,9,4800,123,135,1,1,1,1,1,1,0,0,0,0,0,A2,15900,17900,9900,4950,0,0,4770,5370,2970,1485,0,0,313,247,
1008,AUTO / UTIL,FIAT,500 SPORT,,1.4 MAIR,105,119,14,14,6600,130,144,1,1,1,1,1,1,0,0,0,0,0,A3,18900,21900,12900,6450,0,0,5670,6570,3870,1935,0,0,243,243,
1013,AUTO / UTIL,FIAT,ARGO,,13L FIREFLY,99,107,8,9,5600,141,163,1,1,1,1,0,0,0,0,0,0,0,A2,15900,17900,9900,4950,0,0,4770,5370,2970,1485,0,0,729,1473,
1014,AUTO / UTIL,FIAT,ARGO,,18L ETORQ EVO,130,142,12,14,6200,185,206,1,1,1,1,0,0,0,0,0,0,0,a2,15900,17900,9900,4950,0,0,4770,5370,2970,1485,0,0,729,1473,
1013,AUTO / UTIL,FIAT,CRONOS,,13L FIREFLY,99,107,8,9,5600,141,163,1,1,1,1,0,0,0,0,0,0,0,A2,15900,17900,9900,4950,0,0,4770,5370,2970,1485,0,0,729,1473,
1014,AUTO / UTIL,FIAT,CRONOS,,18L ETORQ EVO,130,142,12,14,6200,185,206,1,1,1,1,0,0,0,0,0,0,0,a2,15900,17900,9900,4950,0,0,4770,5370,2970,1485,0,0,729,1473,
1016,AUTO / UTIL,FIAT,DUCATO,,23D,130,160,30,0,0,300,360,1,1,1,0,1,0,1,1,0,0,0,C2,21900,21900,13900,3475,19900,9950,6570,6570,4170,1042.5,5970,2985,,,
1002,AUTO / UTIL,FIAT,Uno FIRE,,1.3L,68,73,5,0,0,0,0,0,1,0,1,1,0,0,0,0,0,0,A1,13900,15900,8900,4450,0,0,4170,4770,2670,1335,0,0,x,381,
1001,AUTO / UTIL,FIAT,Uno novo,,1.4 evo,85,93,8,9,4800,123,135,1,1,1,1,1,1,0,0,0,0,0,A2,15900,17900,9900,4950,0,0,4770,5370,2970,1485,0,0,313,247,
1003,AUTO / UTIL,FIAT,Linea,,1.9l,132,143,11,0,0,0,0,0,1,1,1,1,0,0,0,0,0,0,A2,15900,17900,9900,4950,0,0,4770,5370,2970,1485,0,0,65,44,
1004,AUTO / UTIL,FIAT,Linea,,1.8l,130,142,12,0,0,0,0,1,1,1,1,1,0,0,0,0,0,0,A2,15900,17900,9900,4950,0,0,4770,5370,2970,1485,0,0,313,247,
1005,AUTO / UTIL,FIAT,Punto,,1.3JTD,90,115,25,22,3700,205,248,1,1,1,0,1,0,1,0,0,0,0,TD2,19900,19900,11900,2975,17900,8950,5970,5970,3570,892.5,5370,2685,32,8,
1006,AUTO / UTIL,FIAT,Punto,,1.4l,82,90,8,8,4900,124,139,0,1,1,1,1,0,0,0,0,0,0,A1,13900,15900,8900,4450,0,0,4170,4770,2670,1335,0,0,65,44,
1007,AUTO / UTIL,FIAT,Punto,,16L 16V ETQ,115,123,8,10,5600,159,172,1,1,1,1,1,0,0,0,0,0,0,A2,15900,17900,9900,4950,0,0,4770,5370,2970,1485,0,0,313,247,
1006,AUTO / UTIL,FIAT,Palio,,1.4l,82,90,8,8,4900,124,139,0,1,1,1,1,0,0,0,0,0,0,A1,13900,15900,8900,4450,0,0,4170,4770,2670,1335,0,0,65,44,
1001,AUTO / UTIL,FIAT,Palio novo,,1.4 evo,85,93,8,9,4800,123,135,1,1,1,1,1,1,0,0,0,0,0,A2,15900,17900,9900,4950,0,0,4770,5370,2970,1485,0,0,313,247,
1007,AUTO / UTIL,FIAT,Palio,,16L 16V ETQ,115,123,8,10,5600,159,172,1,1,1,1,1,0,0,0,0,0,0,A2,15900,17900,9900,4950,0,0,4770,5370,2970,1485,0,0,313,247,
1006,AUTO / UTIL,FIAT,Siena,,1.4l,82,90,8,8,4900,124,139,0,1,1,1,1,0,0,0,0,0,0,A1,13900,15900,8900,4450,0,0,4170,4770,2670,1335,0,0,65,44,
1007,AUTO / UTIL,FIAT,Siena,,16L 16V ETQ,115,123,8,10,5600,159,172,1,1,1,1,1,0,0,0,0,0,0,A2,15900,17900,9900,4950,0,0,4770,5370,2970,1485,0,0,313,247,
1005,AUTO / UTIL,FIAT,Strada,,1.3JTD,90,115,25,22,3700,205,248,1,1,1,0,1,0,1,0,0,0,0,TD2,19900,19900,11900,2975,17900,8950,5970,5970,3570,892.5,5370,2685,32,8,
1007,AUTO / UTIL,FIAT,Grand Siena,,16L 16V ETQ,115,123,8,10,5600,159,172,1,1,1,1,1,0,0,0,0,0,0,A2,15900,17900,9900,4950,0,0,4770,5370,2970,1485,0,0,313,247,
1001,AUTO / UTIL,FIAT,Grand Siena ,,1.4 evo,85,93,8,9,4800,123,135,1,1,1,1,1,1,0,0,0,0,0,A2,15900,17900,9900,4950,0,0,4770,5370,2970,1485,0,0,313,247,
1007,AUTO / UTIL,FIAT,Palio sporting,,16L 16V ETQ,115,123,8,10,5600,159,172,1,1,1,1,1,0,0,0,0,0,0,A2,15900,17900,9900,4950,0,0,4770,5370,2970,1485,0,0,313,247,
1009,AUTO / UTIL,FIAT,TORO,,2.0MJ,170,205,35,36,3000,357,468,0,1,1,0,1,0,1,1,0,0,0,C1,19900,19900,11900,2975,17900,8950,5970,5970,3570,892.5,5370,2685,x,1195 733,
1014,AUTO / UTIL,FIAT,TORO,,18L ETORQ EVO,130,142,12,14,6200,185,206,1,1,1,1,0,0,0,0,0,0,0,a2,15900,17900,9900,4950,0,0,4770,5370,2970,1485,0,0,729,1473,
1011,AUTO / UTIL,FIAT,BRAVO,,14T MAIR,140,165,25,39,3100,240,297,1,1,1,1,1,1,0,0,0,0,0,TN1,19900,24900,11900,5950,0,0,5970,7470,3570,1785,0,0,243,1006 243,
1012,AUTO / UTIL,FIAT,BRAVO,,16JTD,,150,30,0,0,0,0,1,1,1,0,1,0,1,1,0,0,0,TD2,19900,19900,11900,2975,17900,8950,5970,5970,3570,892.5,5370,2685,55,70,
1001,AUTO / UTIL,FIAT,Fiorino,,1.4 evo,85,93,8,9,4800,123,135,1,1,1,1,1,1,0,0,0,0,0,A2,15900,17900,9900,4950,0,0,4770,5370,2970,1485,0,0,313,247,
1015,AUTO / UTIL,FIAT,QUBO,,14L,73,79,6,0,0,118,0,0,1,1,1,0,0,0,0,0,0,0,A2,15900,17900,9900,4950,0,0,4770,5370,2970,1485,0,0,,122,
1101,AUTO / UTIL,FORD,Ranger,,3.0L,156,186,30,30,3200,346,398,1,1,1,0,1,0,1,0,1,0,0,C1,19900,19900,11900,2975,17900,8950,5970,5970,3570,892.5,5370,2685,236,x,
1101,AUTO / UTIL,FORD,Ranger,,3.0L,156,186,30,30,3200,346,398,1,1,1,0,1,0,1,0,1,0,0,C1,19900,19900,11900,2975,17900,8950,5970,5970,3570,892.5,5370,2685,236,x,
1114,AUTO / UTIL,FORD,Ranger,,32d,200,238,38,45,3700,470,582,1,1,1,0,1,0,1,1,0,0,0,C2,21900,21900,13900,3475,19900,9950,6570,6570,4170,1042.5,5970,2985,397,510,
1115,AUTO / UTIL,FORD,Ranger,,2.2TDCI,125,160,35,37,3600,350,390,1,1,1,0,1,0,1,1,0,0,0,C2,21900,21900,13900,3475,19900,9950,6570,6570,4170,1042.5,5970,2985,171,20,
1118,AUTO / UTIL,FORD,Ranger,,25L  ,166,182,16,18,5500,280,314,0,1,1,1,1,1,0,0,0,0,0,C1,19900,19900,11900,2975,17900,8950,5970,5970,3570,892.5,5370,2685,x,749,
1103,AUTO / UTIL,FORD,EcoSport,,1.4TDCI,68,94,26,0,0,0,0,1,1,1,0,1,0,1,0,0,0,0,TD1,16900,16900,10900,2725,15900,7950,5070,5070,3270,817.5,4770,2385,66,x,
1104,AUTO / UTIL,FORD,EcoSport,,1.6 8V,98,108,10,8,6300,152,177,1,1,1,1,1,0,0,0,0,0,0,A1,13900,15900,8900,4450,0,0,4170,4770,2670,1335,0,0,242,393,
1108,AUTO / UTIL,FORD,EcoSport,,2.0 Duratec,145,160,15,14,6100,202,221,0,1,1,1,1,1,0,0,1,0,0,A2,15900,17900,9900,4950,0,0,4770,5370,2970,1485,0,0,233,x,
1103,AUTO / UTIL,FORD,FIESTA  ,,1.4TDCI,68,94,26,0,0,0,0,1,1,1,0,1,0,1,0,0,0,0,TD1,16900,16900,10900,2725,15900,7950,5070,5070,3270,817.5,4770,2385,66,x,
1104,AUTO / UTIL,FORD,FIESTA  ,,1.6 8V,98,108,10,8,6300,152,177,1,1,1,1,1,0,0,0,0,0,0,A1,13900,15900,8900,4450,0,0,4170,4770,2670,1335,0,0,242,393,
1106,AUTO / UTIL,FORD,Fiesta KD 2014,,1.6,120,132,12,9,5000,152,165,0,1,1,1,1,1,0,0,0,0,0,A2,15900,17900,9900,4950,0,0,4770,5370,2970,1485,0,0,x,663 749,
1106,AUTO / UTIL,FORD,Fiesta KD,,1.6,120,132,12,9,5000,152,165,0,1,1,1,1,1,0,0,0,0,0,A2,15900,17900,9900,4950,0,0,4770,5370,2970,1485,0,0,x,663 749,
1104,AUTO / UTIL,FORD,Focus  ,,1.6 8V,98,108,10,8,6300,152,177,1,1,1,1,1,0,0,0,0,0,0,A1,13900,15900,8900,4450,0,0,4170,4770,2670,1335,0,0,242,393,
1107,AUTO / UTIL,FORD,Focus  ,,1.8 TDCI,115,145,30,33,3900,280,353,1,1,1,0,1,0,1,1,0,0,0,TD1,16900,16900,10900,2725,15900,7950,5070,5070,3270,817.5,4770,2385,171,20,
1108,AUTO / UTIL,FORD,Focus  ,,2.0 Duratec,145,160,15,14,6100,202,221,0,1,1,1,1,1,0,0,1,0,0,A2,15900,17900,9900,4950,0,0,4770,5370,2970,1485,0,0,233,x,
1109,AUTO / UTIL,FORD,Focus II,,1.6 16v,110,120,10,15,5400,154,177,0,1,1,1,1,1,0,0,1,0,0,A2,15900,17900,9900,4950,0,0,4770,5370,2970,1485,0,0,233,x,
1107,AUTO / UTIL,FORD,Focus II,,1.8 TDCI,115,145,30,33,3900,280,353,1,1,1,0,1,0,1,1,0,0,0,TD1,16900,16900,10900,2725,15900,7950,5070,5070,3270,817.5,4770,2385,171,20,
1108,AUTO / UTIL,FORD,Focus II,,2.0 Duratec,145,160,15,14,6100,202,221,0,1,1,1,1,1,0,0,1,0,0,A2,15900,17900,9900,4950,0,0,4770,5370,2970,1485,0,0,233,x,
1106,AUTO / UTIL,FORD,Focus III  ,,1.6,120,132,12,9,5000,152,165,0,1,1,1,1,1,0,0,0,0,0,A2,15900,17900,9900,4950,0,0,4770,5370,2970,1485,0,0,x,663 749,
1110,AUTO / UTIL,FORD,Focus III ,,2.0 16v,170,185,15,10,6300,204,215,1,1,1,1,1,1,0,0,0,0,0,A3,18900,21900,12900,6450,0,0,5670,6570,3870,1935,0,0,414,1363 586,
1111,AUTO / UTIL,FORD,Ka ,,1.0L,63,69,6,6,6000,87,97,0,1,1,1,1,1,0,0,1,0,0,A1,13900,15900,8900,4450,0,0,4170,4770,2670,1335,0,0,x,200,
1104,AUTO / UTIL,FORD,Ka ,,1.6 8V,98,108,10,8,6300,152,177,1,1,1,1,1,0,0,0,0,0,0,A1,13900,15900,8900,4450,0,0,4170,4770,2670,1335,0,0,242,393,
1112,AUTO / UTIL,FORD,Kuga,,2.5T,200,245,45,49,5000,320,370,0,1,1,1,1,1,0,0,0,0,0,TN1,19900,24900,11900,5950,0,0,5970,7470,3570,1785,0,0,272,76,
1122,AUTO / UTIL,FORD,Kuga,,16T,150,180,30,35,4000,240,300,1,1,1,1,1,1,0,0,0,0,0,TN2,24900,28900,13900,6950,0,0,7470,8670,4170,2085,0,0,414,1312,
1123,AUTO / UTIL,FORD,Kuga,,16T,180,205,25,29,4000,240,310,1,1,1,1,1,1,0,0,0,0,0,TN2,24900,28900,13900,6950,0,0,7470,8670,4170,2085,0,0,414,1312,
1113,AUTO / UTIL,FORD,Mondeo,,2.0 TDCI,140,170,30,31,3100,173,217,1,1,1,0,1,0,1,0,0,0,0,TD2,19900,19900,11900,2975,17900,8950,5970,5970,3570,892.5,5370,2685,171,20 233,
1116,AUTO / UTIL,FORD,Mondeo,,2.0T ECOBO,240,285,40,50,6000,345,410,1,1,1,1,1,1,0,0,0,0,0,TN3,27900,31900,15900,7950,0,0,8370,9570,4770,2385,0,0,414,1363 586,
1117,AUTO / UTIL,FORD,Mondeo,,22TDCI,155,185,30,0,0,0,0,1,1,1,0,1,0,1,0,0,0,0,TD2,19900,19900,11900,2975,17900,8950,5970,5970,3570,892.5,5370,2685,171,20,
1119,AUTO / UTIL,FORD,Mondeo,,25T,230,265,32,34,4900,320,370,0,1,1,1,1,1,0,0,0,0,0,TN1,19900,24900,11900,5950,0,0,5970,7470,3570,1785,0,0,272,76,
1115,AUTO / UTIL,FORD,TRANSIT,,2.2TDCI,125,160,35,37,3600,350,390,1,1,1,0,1,0,1,1,0,0,0,C2,21900,21900,13900,3475,19900,9950,6570,6570,4170,1042.5,5970,2985,171,20,
1120,AUTO / UTIL,FORD,F100 DUTY,,3.9D CUMMINS,203,245,42,42,2200,550,670,1,1,1,0,1,1,1,0,0,0,0,C3,24900,24900,17900,4475,24900,12450,7470,7470,5370,1342.5,7470,3735,221,31,
1121,AUTO / UTIL,FORD,F150 RAPTOR,,35T ECOB,450,500,50,0,0,691,765,1,1,1,1,1,1,0,0,0,0,0,ESP1,50900,59900,19900,9950,0,0,15270,17970,5970,2985,0,0,711,,
1201,AUTO / UTIL,HYUNDAI,Genesis,,2.0T,210,240,30,30,4800,300,332,0,1,1,1,1,1,0,0,0,0,0,TN2,24900,28900,13900,6950,0,0,7470,8670,4170,2085,0,0,x,194,
1202,AUTO / UTIL,HYUNDAI,Genesis,,2.0T,275,315,40,40,4900,373,420,0,1,1,1,1,1,0,0,0,0,0,TN2,24900,28900,13900,6950,0,0,7470,8670,4170,2085,0,0,x,194,
1204,AUTO / UTIL,HYUNDAI,Genesis,,3.8L V6,303,323,20,22,3800,302,343,0,1,1,1,1,1,0,0,0,0,0,A3,18900,21900,12900,6450,0,0,5670,6570,3870,1935,0,0,x,938,
1203,AUTO / UTIL,HYUNDAI,Veloster,,1.6L 16v,140,152,12,14,4800,158,175,0,1,1,1,1,1,0,0,0,0,0,A3,18900,21900,12900,6450,0,0,5670,6570,3870,1935,0,0,x,550,
1205,AUTO / UTIL,HYUNDAI,I10,,1.2L,86,93,7,0,0,0,0,0,1,1,1,1,1,0,0,0,0,0,A2,15900,17900,9900,4950,0,0,4770,5370,2970,1485,0,0,,339 1291,
1801,AUTO / UTIL,IVECO,DAILY,,30D,170,210,40,0,0,0,0,0,1,1,0,1,0,1,1,0,0,0,C2,21900,21900,13900,3475,19900,9950,6570,6570,4170,1042.5,5970,2985,336,1174,
1014,AUTO / UTIL,JEEP,RENEGADE,,18L ETORQ EVO,130,142,12,14,6200,185,206,1,1,1,1,0,0,0,0,0,0,0,a2,15900,17900,9900,4950,0,0,4770,5370,2970,1485,0,0,729,1473,
1009,AUTO / UTIL,JEEP,RENEGADE,,2.0MJ,170,205,35,36,3000,357,468,0,1,1,0,1,0,1,1,0,0,0,C1,19900,19900,11900,2975,17900,8950,5970,5970,3570,892.5,5370,2685,x,1195 733,
1701,AUTO / UTIL,HONDA,CIVIC,,1.8l,140,154,14,14,6500,174,194,0,1,1,1,1,1,0,0,0,0,0,A2,15900,17900,9900,4950,0,0,4770,5370,2970,1485,0,0,655,492,
1702,AUTO / UTIL,HONDA,CIVIC SI,,2.0L 16V,200,220,20,42,6000,188,200,0,1,1,1,1,1,0,0,0,0,0,A4,24900,28900,14900,7450,0,0,7470,8670,4470,2235,0,0,655,492,
1301,AUTO / UTIL,KTM,DUKE 200,,200CC,26,28,2,0,0,0,0,0,1,1,0,1,0,0,0,0,0,0,#N/D,#N/A,#N/A,#N/A,#N/A,#N/A,#N/A,#N/A,#N/A,#N/A,#N/A,#N/A,#N/A,x,418,
1302,AUTO / UTIL,KTM,DUKE 390,,290CC,44,48,4,0,0,0,0,0,1,1,0,1,0,0,0,0,0,0,#N/D,#N/A,#N/A,#N/A,#N/A,#N/A,#N/A,#N/A,#N/A,#N/A,#N/A,#N/A,#N/A,x,418,
1401,AUTO / UTIL,MERCEDES,A200,,1.6T,156,184,28,28,5100,250,276,0,1,1,1,1,1,0,0,0,0,0,TN4,36900,41900,19900,9950,0,0,11070,12570,5970,2985,0,0,700,1328 692,
1402,AUTO / UTIL,MERCEDES,A250,,2.0T,211,245,34,35,5100,350,400,0,1,1,1,1,1,0,0,0,0,0,TN5,44900,54900,19900,9950,0,0,13470,16470,5970,2985,0,0,700,1328 692,
1401,AUTO / UTIL,MERCEDES,B200,,1.6T,156,184,28,28,5100,250,276,0,1,1,1,1,1,0,0,0,0,0,TN4,36900,41900,19900,9950,0,0,11070,12570,5970,2985,0,0,700,1328 692,
1402,AUTO / UTIL,MERCEDES,B250,,2.0T,211,245,34,35,5100,350,400,0,1,1,1,1,1,0,0,0,0,0,TN5,44900,54900,19900,9950,0,0,13470,16470,5970,2985,0,0,700,1328 692,
1408,AUTO / UTIL,MERCEDES,W204 C200,,1.8T,184,220,36,41,5300,250,324,0,1,1,1,1,1,0,0,0,0,0,TN2,24900,28900,13900,6950,0,0,7470,8670,4170,2085,0,0,x,1008,
1409,AUTO / UTIL,MERCEDES,W204 C250,,1.8T,204,230,26,37,5000,350,371,0,1,1,1,1,1,0,0,0,0,0,TN2,24900,28900,13900,6950,0,0,7470,8670,4170,2085,0,0,x,1008,
1401,AUTO / UTIL,MERCEDES,W205 C200,,1.6T,156,184,28,28,5100,250,276,0,1,1,1,1,1,0,0,0,0,0,TN4,36900,41900,19900,9950,0,0,11070,12570,5970,2985,0,0,700,1328 692,
1402,AUTO / UTIL,MERCEDES,W205 C250,,2.0T,211,245,34,35,5100,350,400,0,1,1,1,1,1,0,0,0,0,0,TN5,44900,54900,19900,9950,0,0,13470,16470,5970,2985,0,0,700,1328 692,
1404,AUTO / UTIL,MERCEDES,W204 C220,,2.2CDI,170,200,30,32,3200,400,480,1,1,1,0,1,0,1,0,0,1,0,TD3,24900,24900,14900,3725,22900,11450,7470,7470,4470,1117.5,6870,3435,61,4,
1410,AUTO / UTIL,MERCEDES,W205 C300,,20T ,240,280,40,39,5100,370,430,0,1,1,1,1,1,0,0,0,0,0,TN4,36900,41900,19900,9950,0,0,11070,12570,5970,2985,0,0,700,1328 692,
1403,AUTO / UTIL,MERCEDES,Sprinter 313,,2.2,130,160,30,31,3500,305,390,1,1,1,0,1,0,1,0,0,0,0,C1,19900,19900,11900,2975,17900,8950,5970,5970,3570,892.5,5370,2685,17,x,
1405,AUTO / UTIL,MERCEDES,C320,,3.2CDI,220,280,60,39,3200,310,430,1,1,1,0,1,0,1,1,0,1,0,TD3,24900,24900,14900,3725,22900,11450,7470,7470,4470,1117.5,6870,3435,69,79,
1406,AUTO / UTIL,MERCEDES,VITO CDI111,,1.6CDI,115,140,25,26,3400,270,320,0,1,1,0,1,0,1,0,0,0,0,C2,21900,21900,13900,3475,19900,9950,6570,6570,4170,1042.5,5970,2985,696,710,
1411,AUTO / UTIL,MERCEDES,VIANO 22CDI,,22d,150,185,35,36,3300,330,405,1,1,1,0,1,0,1,0,0,0,0,TD2,19900,19900,11900,2975,17900,8950,5970,5970,3570,892.5,5370,2685,61,4,
1407,AUTO / UTIL,MERCEDES,SPRINTER 415 515,,22CDI,150,180,30,30,3500,330,405,1,1,1,0,1,0,1,1,0,0,0,C2,21900,21900,13900,3475,19900,9950,6570,6570,4170,1042.5,5970,2985,294,248,
1501,AUTO / UTIL,MINI,Cooper R53,,1.6 Chilli,115,126,11,0,0,0,0,1,1,1,1,1,1,0,0,0,0,0,TN1,19900,24900,11900,5950,0,0,5970,7470,3570,1785,0,0,33,x,
1502,AUTO / UTIL,MINI,Cooper R53,,1.6S Comp,170,185,15,15,3000,220,240,1,1,1,1,1,1,0,0,0,0,0,TN1,19900,24900,11900,5950,0,0,5970,7470,3570,1785,0,0,33,x,
1503,AUTO / UTIL,MINI,Cooper R56,,1.6S Turbo,184,210,26,26,4400,240,307,1,1,1,1,1,1,0,0,0,0,0,TN2,24900,28900,13900,6950,0,0,7470,8670,4170,2085,0,0,206,208,
1504,AUTO / UTIL,MINI,Cooper R56,,1.6 JCW,210,240,30,33,4100,280,356,1,1,1,1,1,1,0,0,0,0,0,TN3,27900,31900,15900,7950,0,0,8370,9570,4770,2385,0,0,206,1342 148,
1505,AUTO / UTIL,MINI,COOPER S F56,,20T ,192,250,58,57,5900,280,328,1,1,1,1,1,1,0,0,0,0,0,TN4,36900,41900,19900,9950,0,0,11070,12570,5970,2985,0,0,629,1353 719,
1503,AUTO / UTIL,MINI,S Countryman,,1.6S Turbo,184,210,26,26,4400,240,307,1,1,1,1,1,1,0,0,0,0,0,TN2,24900,28900,13900,6950,0,0,7470,8670,4170,2085,0,0,206,208,
504,AUTO / UTIL,MINI,COUNTRYMAN D,,120d 320d,177,215,38,38,4100,350,423,0,1,1,0,1,0,1,1,0,1,0,TD3,24900,24900,14900,3725,22900,11450,7470,7470,4470,1117.5,6870,3435,215 692,1208 154,https://dataracing.com.ar/cars/bmw-120d-320d-x1-2-0d-177-hp-n47/
2101,AUTO / UTIL,MITSUBISHI,L200,,25D1D,136,168,32,0,0,0,0,1,1,1,0,1,0,1,0,0,0,0,C1,19900,19900,11900,2975,17900,8950,5970,5970,3570,892.5,5370,2685,482,265,
2102,AUTO / UTIL,MITSUBISHI,L200,,,175,202,37,0,0,0,0,1,1,1,0,1,0,1,0,0,0,0,C1,19900,19900,11900,2975,17900,8950,5970,5970,3570,892.5,5370,2685,482,265,
1601,AUTO / UTIL,NISSAN,1TERRA,,2.8D ,140,170,30,32,3100,184,257,0,1,1,0,1,0,1,0,0,0,0,C1,19900,19900,11900,2975,17900,8950,5970,5970,3570,892.5,5370,2685,x,17,
1602,AUTO / UTIL,NISSAN,FRONTIER 2007-2015,,2.5D ,170,200,30,30,3900,410,555,0,1,1,0,1,0,1,1,0,0,0,C1,19900,19900,11900,2975,17900,8950,5970,5970,3570,892.5,5370,2685,482,1572,
1603,AUTO / UTIL,NISSAN ,March,,1.6L 16v,115,125,10,11,4000,142,154,0,1,1,1,1,1,0,0,0,0,0,A2,15900,17900,9900,4950,0,0,4770,5370,2970,1485,0,0,x,587,
1604,AUTO / UTIL,NISSAN ,FRONTIER NP300,,2.3D,190,225,35,38,3500,450,546,1,1,1,0,1,0,1,1,0,0,0,C2,21900,21900,13900,3475,19900,9950,6570,6570,4170,1042.5,5970,2985,81,1003,
704,AUTO / UTIL,PEUGEOT,206,,1.6 16v,109,119,10,11,4700,147,162,1,1,1,1,1,1,0,0,1,0,0,A1,13900,15900,8900,4450,0,0,4170,4770,2670,1335,0,0,74,25,
702,AUTO / UTIL,PEUGEOT,206,,2.0HDI,90,120,30,33,3600,205,278,1,1,1,0,1,0,1,0,0,0,0,TD1,16900,16900,10900,2725,15900,7950,5070,5070,3270,817.5,4770,2385,2,x,
708,AUTO / UTIL,PEUGEOT,206rc,,2.0l,180,195,15,16,6900,202,222,1,1,1,1,1,1,0,0,0,0,0,A2,15900,17900,9900,4950,0,0,4770,5370,2970,1485,0,0,37,46,
705,AUTO / UTIL,PEUGEOT,206 GTI,,2.0l,140,154,14,15,5100,200,221,1,1,1,1,1,1,0,0,1,0,0,A2,15900,17900,9900,4950,0,0,4770,5370,2970,1485,0,0,42 247,45,
704,AUTO / UTIL,PEUGEOT,207,,1.6 16v,109,119,10,11,4700,147,162,1,1,1,1,1,1,0,0,1,0,0,A1,13900,15900,8900,4450,0,0,4170,4770,2670,1335,0,0,74,25,
709,AUTO / UTIL,PEUGEOT,207,,1.4l,88,96,8,8,4600,133,143,1,1,1,1,1,1,0,0,0,0,0,A1,13900,15900,8900,4450,0,0,4170,4770,2670,1335,0,0,42,45,
710,AUTO / UTIL,PEUGEOT,207 HDI,,1.4HDI,70,96,26,30,3300,160,217,1,1,1,0,1,0,1,0,0,0,0,TD1,16900,16900,10900,2725,15900,7950,5070,5070,3270,817.5,4770,2385,58,60,
707C,AUTO / UTIL,PEUGEOT,207RC,,1.6THP,175,205,30,34,5100,260,310,1,1,1,1,1,1,0,0,1,0,0,TN2,24900,28900,13900,6950,0,0,7470,8670,4170,2085,0,0,214,216,
711,AUTO / UTIL,PEUGEOT,208,,1.6 16v,115,124,9,11,5600,152,165,0,1,1,1,1,1,0,0,1,0,0,A2,15900,17900,9900,4950,0,0,4770,5370,2970,1485,0,0,214,196,
712,AUTO / UTIL,PEUGEOT,208GTI,,1.6T,200,232,32,58,4700,275,329,0,1,1,1,1,1,0,0,1,0,0,TN2,24900,28900,13900,6950,0,0,7470,8670,4170,2085,0,0,x,216,
707B,AUTO / UTIL,PEUGEOT,208xy,,1.6THP,163,185,22,24,5100,240,297,0,1,1,1,1,1,0,0,1,0,0,TN2,24900,28900,13900,6950,0,0,7470,8670,4170,2085,0,0,x,305,
713,AUTO / UTIL,PEUGEOT,208 GT,,1.6THP,165,200,35,47,4600,240,315,0,1,1,1,1,1,0,0,0,0,0,TN2,24900,28900,13900,6950,0,0,7470,8670,4170,2085,0,0,x,729 317,
714,AUTO / UTIL,PEUGEOT,208 ALLURE,,1.5L 8V,90,96,6,8,4500,132,140,0,1,1,1,0,0,0,0,0,0,0,A2,15900,17900,9900,4950,0,0,4770,5370,2970,1485,0,0,42,45,
701,AUTO / UTIL,PEUGEOT,208,,1.6HDI,92,125,33,34,3700,230,277,0,1,1,0,1,0,1,1,0,0,0,TD2,19900,19900,11900,2975,17900,8950,5970,5970,3570,892.5,5370,2685,x,198,
717,AUTO / UTIL,PEUGEOT,208 GTI208,,16THP,208,230,22,58,4500,300,371,0,1,1,1,1,1,0,0,0,0,0,TN2,24900,28900,13900,6950,0,0,7470,8670,4170,2085,0,0,x,216,
707A,AUTO / UTIL,PEUGEOT,207 GTI,,1.6THP,156,180,24,25,5100,240,295,1,1,1,1,1,1,0,0,1,0,0,TN2,24900,28900,13900,6950,0,0,7470,8670,4170,2085,0,0,214,216,
701,AUTO / UTIL,PEUGEOT,301,,1.6HDI,92,125,33,34,3700,230,277,0,1,1,0,1,0,1,1,0,0,0,TD2,19900,19900,11900,2975,17900,8950,5970,5970,3570,892.5,5370,2685,x,198,
711,AUTO / UTIL,PEUGEOT,301,,1.6 16v,115,124,9,11,5600,152,165,0,1,1,1,1,1,0,0,1,0,0,A2,15900,17900,9900,4950,0,0,4770,5370,2970,1485,0,0,214,196,
704,AUTO / UTIL,PEUGEOT,307,,1.6 16v,109,119,10,11,4700,147,162,1,1,1,1,1,1,0,0,1,0,0,A1,13900,15900,8900,4450,0,0,4170,4770,2670,1335,0,0,74,25,
705,AUTO / UTIL,PEUGEOT,307,,2.0l,140,154,14,15,5100,200,221,1,1,1,1,1,1,0,0,1,0,0,A2,15900,17900,9900,4950,0,0,4770,5370,2970,1485,0,0,42 247,45,
702,AUTO / UTIL,PEUGEOT,307,,2.0HDI,90,120,30,33,3600,205,278,1,1,1,0,1,0,1,0,0,0,0,TD1,16900,16900,10900,2725,15900,7950,5070,5070,3270,817.5,4770,2385,2,x,
703,AUTO / UTIL,PEUGEOT,307,,2.0HDI,110,135,25,33,3600,250,299,1,1,1,0,1,0,1,0,0,0,0,TD1,16900,16900,10900,2725,15900,7950,5070,5070,3270,817.5,4770,2385,58,60,
708,AUTO / UTIL,PEUGEOT,307CC,,2.0l,180,195,15,16,6900,202,222,1,1,1,1,1,1,0,0,0,0,0,A2,15900,17900,9900,4950,0,0,4770,5370,2970,1485,0,0,37,46,
711,AUTO / UTIL,PEUGEOT,308,,1.6 16v,115,124,9,11,5600,152,165,0,1,1,1,1,1,0,0,1,0,0,A2,15900,17900,9900,4950,0,0,4770,5370,2970,1485,0,0,214,196,
706,AUTO / UTIL,PEUGEOT,308,,1.6HDI,115,142,27,28,3500,270,312,0,1,1,0,1,0,1,1,0,0,0,TD2,19900,19900,11900,2975,17900,8950,5970,5970,3570,892.5,5370,2685,58,60,
712,AUTO / UTIL,PEUGEOT,308 GTI,,1.6T,200,232,32,58,4700,275,329,0,1,1,1,1,1,0,0,1,0,0,TN2,24900,28900,13900,6950,0,0,7470,8670,4170,2085,0,0,x,216,
707B,AUTO / UTIL,PEUGEOT,308,,1.6THP,163,185,22,24,5100,240,297,0,1,1,1,1,1,0,0,1,0,0,TN2,24900,28900,13900,6950,0,0,7470,8670,4170,2085,0,0,x,305,
705,AUTO / UTIL,PEUGEOT,308,,2.0l,140,154,14,15,5100,200,221,1,1,1,1,1,1,0,0,1,0,0,A2,15900,17900,9900,4950,0,0,4770,5370,2970,1485,0,0,42 247,45,
713,AUTO / UTIL,PEUGEOT,308 2016,,1.6THP,165,200,35,47,4600,240,315,0,1,1,1,1,1,0,0,0,0,0,TN2,24900,28900,13900,6950,0,0,7470,8670,4170,2085,0,0,x,729 317,
718,AUTO / UTIL,PEUGEOT,308 S GTI,,16THP,272,295,23,0,0,330,0,0,1,1,1,1,1,0,0,0,0,0,TN4,36900,41900,19900,9950,0,0,11070,12570,5970,2985,0,0,x,1393,
719,AUTO / UTIL,PEUGEOT,407,,30L V6,208,224,16,0,0,290,0,0,1,1,1,1,1,0,0,0,0,0,A3,18900,21900,12900,6450,0,0,5670,6570,3870,1935,0,0,582,939,
706,AUTO / UTIL,PEUGEOT,408,,1.6HDI,115,142,27,28,3500,270,312,0,1,1,0,1,0,1,1,0,0,0,TD2,19900,19900,11900,2975,17900,8950,5970,5970,3570,892.5,5370,2685,58,60,
705,AUTO / UTIL,PEUGEOT,408,,2.0l,140,154,14,15,5100,200,221,1,1,1,1,1,1,0,0,1,0,0,A2,15900,17900,9900,4950,0,0,4770,5370,2970,1485,0,0,42 247,45,
707B,AUTO / UTIL,PEUGEOT,408,,1.6THP,163,185,22,24,5100,240,297,0,1,1,1,1,1,0,0,1,0,0,TN2,24900,28900,13900,6950,0,0,7470,8670,4170,2085,0,0,x,305,
713,AUTO / UTIL,PEUGEOT,408 2016,,1.6THP,165,200,35,47,4600,240,315,0,1,1,1,1,1,0,0,0,0,0,TN2,24900,28900,13900,6950,0,0,7470,8670,4170,2085,0,0,x,729 317,
712,AUTO / UTIL,PEUGEOT,RCZ,,1.6T,200,232,32,58,4700,275,329,0,1,1,1,1,1,0,0,1,0,0,TN2,24900,28900,13900,6950,0,0,7470,8670,4170,2085,0,0,x,216,
707B,AUTO / UTIL,PEUGEOT,3008,,1.6THP,163,185,22,24,5100,240,297,0,1,1,1,1,1,0,0,1,0,0,TN2,24900,28900,13900,6950,0,0,7470,8670,4170,2085,0,0,x,305,
715,AUTO / UTIL,PEUGEOT,3008,,16HDI,115,143,28,29,3600,270,330,1,1,1,0,1,0,1,1,0,0,0,C3,24900,24900,17900,4475,24900,12450,7470,7470,5370,1342.5,7470,3735,715,728 1188,
716,AUTO / UTIL,PEUGEOT,5008,,20HDI,150,180,30,31,3600,370,430,0,0,0,0,0,0,0,0,0,0,0,C3,24900,24900,17900,4475,24900,12450,7470,7470,5370,1342.5,7470,3735,,,
1016,AUTO / UTIL,PEUGEOT,BO1ER,,23D,130,160,30,0,0,300,360,1,1,1,0,1,0,1,1,0,0,0,C2,21900,21900,13900,3475,19900,9950,6570,6570,4170,1042.5,5970,2985,,,
701,AUTO / UTIL,PEUGEOT,Partner,,1.6HDI,92,125,33,34,3700,230,277,0,1,1,0,1,0,1,1,0,0,0,TD2,19900,19900,11900,2975,17900,8950,5970,5970,3570,892.5,5370,2685,x,198,
704,AUTO / UTIL,PEUGEOT,Partner,,1.6 16v,109,119,10,11,4700,147,162,1,1,1,1,1,1,0,0,1,0,0,A1,13900,15900,8900,4450,0,0,4170,4770,2670,1335,0,0,74,25,
715,AUTO / UTIL,PEUGEOT,E1PERT,,16HDI,115,143,28,29,3600,270,330,1,1,1,0,1,0,1,1,0,0,0,C3,24900,24900,17900,4475,24900,12450,7470,7470,5370,1342.5,7470,3735,715,728 1188,
804,AUTO / UTIL,RENAULT,CAPTUR,,2.0l,140,153,13,15,4300,188,216,1,1,1,1,1,1,0,0,0,0,0,A2,15900,17900,9900,4950,0,0,4770,5370,2970,1485,0,0,255,x,
801,AUTO / UTIL,RENAULT,Clio,,1.2 16v,75,83,8,8,5600,104,115,0,1,1,1,1,1,0,0,0,0,0,A2,15900,17900,9900,4950,0,0,4770,5370,2970,1485,0,0,123,252,
802A,AUTO / UTIL,RENAULT,Clio,,1.6 16v,110,120,10,10,5700,147,159,1,1,0,1,1,1,0,0,1,0,0,A2,15900,17900,9900,4950,0,0,4770,5370,2970,1485,0,0,34,x,
803,AUTO / UTIL,RENAULT,Clio,,2.0 16v,178,190,12,17,6900,215,226,1,1,1,1,1,1,0,0,0,0,0,A3,18900,21900,12900,6450,0,0,5670,6570,3870,1935,0,0,34,x,
802B,AUTO / UTIL,RENAULT,Symbol,,1.6L 16v,105,115,10,10,5600,145,159,1,1,1,1,1,1,0,0,0,0,0,A2,15900,17900,9900,4950,0,0,4770,5370,2970,1485,0,0,263,251,
802B,AUTO / UTIL,RENAULT,Logan,,1.6L 16v,105,115,10,10,5600,145,159,1,1,1,1,1,1,0,0,0,0,0,A2,15900,17900,9900,4950,0,0,4770,5370,2970,1485,0,0,263,251,
802A,AUTO / UTIL,RENAULT,Duster,,1.6 16v,110,120,10,10,5700,147,159,1,1,0,1,1,1,0,0,1,0,0,A2,15900,17900,9900,4950,0,0,4770,5370,2970,1485,0,0,34,x,
804,AUTO / UTIL,RENAULT,Duster,,2.0l,140,153,13,15,4300,188,216,1,1,1,1,1,1,0,0,0,0,0,A2,15900,17900,9900,4950,0,0,4770,5370,2970,1485,0,0,255,x,
802B,AUTO / UTIL,RENAULT,Sandero,,1.6L 16v,105,115,10,10,5600,145,159,1,1,1,1,1,1,0,0,0,0,0,A2,15900,17900,9900,4950,0,0,4770,5370,2970,1485,0,0,263,251,
813,AUTO / UTIL,RENAULT,Sandero RS,,2.0L 16V,143,157,14,14,6200,198,216,1,1,1,1,1,1,0,0,0,0,0,A2,15900,17900,9900,4950,0,0,4770,5370,2970,1485,0,0,255,x,
802B,AUTO / UTIL,RENAULT,Fluence,,1.6L 16v,105,115,10,10,5600,145,159,1,1,1,1,1,1,0,0,0,0,0,A2,15900,17900,9900,4950,0,0,4770,5370,2970,1485,0,0,263,251,
804,AUTO / UTIL,RENAULT,Fluence,,2.0l,140,153,13,15,4300,188,216,1,1,1,1,1,1,0,0,0,0,0,A2,15900,17900,9900,4950,0,0,4770,5370,2970,1485,0,0,255,x,
805,AUTO / UTIL,RENAULT,Fluence,,2.0T,180,216,36,37,4900,300,360,1,1,1,1,1,1,0,0,0,0,0,TN1,19900,24900,11900,5950,0,0,5970,7470,3570,1785,0,0,255,210,
802A,AUTO / UTIL,RENAULT,Megane I ,,1.6 16v,110,120,10,10,5700,147,159,1,1,0,1,1,1,0,0,1,0,0,A2,15900,17900,9900,4950,0,0,4770,5370,2970,1485,0,0,34,x,
806,AUTO / UTIL,RENAULT,Megane I ,,1.9DCI,100,130,30,0,0,0,0,1,1,1,0,0,0,1,0,0,0,0,TD1,16900,16900,10900,2725,15900,7950,5070,5070,3270,817.5,4770,2385,14,x,
807,AUTO / UTIL,RENAULT,Megane II ,,1.5DCI,100,120,20,22,3000,127,149,1,1,1,0,0,0,1,0,0,0,0,TD1,16900,16900,10900,2725,15900,7950,5070,5070,3270,817.5,4770,2385,53,x,
804,AUTO / UTIL,RENAULT,Megane II ,,2.0l,140,153,13,15,4300,188,216,1,1,1,1,1,1,0,0,0,0,0,A2,15900,17900,9900,4950,0,0,4770,5370,2970,1485,0,0,255,x,
808,AUTO / UTIL,RENAULT,Megane III RS,,2.0,250,300,50,50,5200,360,440,1,1,1,1,1,1,0,0,0,0,0,TN3,27900,31900,15900,7950,0,0,8370,9570,4770,2385,0,0,255,210,
814,AUTO / UTIL,RENAULT,Megane III RS265,,2.0T,265,305,40,46,4100,360,468,1,1,1,1,1,1,0,0,0,0,0,TN3,27900,31900,15900,7950,0,0,8370,9570,4770,2385,0,0,255,210,
804,AUTO / UTIL,RENAULT,Megane III  ,,2.0l,140,153,13,15,4300,188,216,1,1,1,1,1,1,0,0,0,0,0,A2,15900,17900,9900,4950,0,0,4770,5370,2970,1485,0,0,255,x,
809,AUTO / UTIL,RENAULT,Kangoo,,1.6 16v,95,107,12,12,4900,136,150,1,1,0,1,1,1,0,0,0,0,0,A2,15900,17900,9900,4950,0,0,4770,5370,2970,1485,0,0,34,x,
815,AUTO / UTIL,RENAULT,Kangoo Nueva,,1.5DCI,95,125,30,31,3700,220,236,1,1,1,0,1,0,1,1,0,0,0,TD2,19900,19900,11900,2975,17900,8950,5970,5970,3570,892.5,5370,2685,425,1162 398,
810,AUTO / UTIL,RENAULT,Master I,,2.8DCI,120,140,20,0,0,0,0,1,1,1,0,1,0,1,0,0,0,0,C1,19900,19900,11900,2975,17900,8950,5970,5970,3570,892.5,5370,2685,x,x,
811,AUTO / UTIL,RENAULT,Master I ,,2.5DCI,115,135,20,21,3600,296,351,1,1,1,0,1,0,1,0,0,0,0,C1,19900,19900,11900,2975,17900,8950,5970,5970,3570,892.5,5370,2685,x,x,
812,AUTO / UTIL,RENAULT,Master II,,2.5DCI,120,150,30,0,0,0,0,1,1,1,0,1,0,1,0,0,0,0,C1,19900,19900,11900,2975,17900,8950,5970,5970,3570,892.5,5370,2685,127,29,
103A,AUTO / UTIL,SEAT,Cordoba,,1.9TDI,90,120,30,33,3200,210,280,1,1,1,0,1,0,1,0,1,0,0,TD1,16900,16900,10900,2725,15900,7950,5070,5070,3270,817.5,4770,2385,11,x,https://dataracing.com.ar/cars/vw-golf-4-1-9tdi-90-hp/
103A,AUTO / UTIL,SEAT,Ibiza,,1.9TDI,90,120,30,33,3200,210,280,1,1,1,0,1,0,1,0,1,0,0,TD1,16900,16900,10900,2725,15900,7950,5070,5070,3270,817.5,4770,2385,11,x,https://dataracing.com.ar/cars/vw-golf-4-1-9tdi-90-hp/
103B,AUTO / UTIL,SEAT,Ibiza,,1.9TDI,105,145,40,43,3200,240,340,1,1,1,0,1,0,1,0,1,0,0,TD1,16900,16900,10900,2725,15900,7950,5070,5070,3270,817.5,4770,2385,10,x,https://dataracing.com.ar/cars/volkswagen-bora-1-9tdi-105-hp/
102,AUTO / UTIL,SEAT,Ibiza,,1.8T,180,215,35,56,4600,235,335,1,1,1,1,1,1,0,0,1,0,1,TN1,19900,24900,11900,5950,0,0,5970,7470,3570,1785,0,0,39,53,https://dataracing.com.ar/cars/vw-bora-1-8t-180-hp/
101,AUTO / UTIL,SEAT,Ibiza,,1.8T,150,188,40,57,3900,210,305,1,1,1,1,1,1,0,0,1,0,0,TN1,19900,24900,11900,5950,0,0,5970,7470,3570,1785,0,0,x,x,https://dataracing.com.ar/cars/vw-golf-4-1-8t-150-hp/
118,AUTO / UTIL,SEAT,Leon,,1.6,101,111,10,10,5200,142,156,0,1,1,1,1,1,0,0,1,0,0,A1,13900,15900,8900,4450,0,0,4170,4770,2670,1335,0,0,x,186,https://dataracing.com.ar/cars/vw-gol-trend-1-6-101-hp/
103A,AUTO / UTIL,SEAT,Leon,,1.9TDI,90,120,30,33,3200,210,280,1,1,1,0,1,0,1,0,1,0,0,TD1,16900,16900,10900,2725,15900,7950,5070,5070,3270,817.5,4770,2385,11,x,https://dataracing.com.ar/cars/vw-golf-4-1-9tdi-90-hp/
103B,AUTO / UTIL,SEAT,Leon,,1.9TDI,105,145,40,43,3200,240,340,1,1,1,0,1,0,1,0,1,0,0,TD1,16900,16900,10900,2725,15900,7950,5070,5070,3270,817.5,4770,2385,10,x,https://dataracing.com.ar/cars/volkswagen-bora-1-9tdi-105-hp/
102,AUTO / UTIL,SEAT,Leon,,1.8T,180,215,35,56,4600,235,335,1,1,1,1,1,1,0,0,1,0,1,TN1,19900,24900,11900,5950,0,0,5970,7470,3570,1785,0,0,39,53,https://dataracing.com.ar/cars/vw-bora-1-8t-180-hp/
101,AUTO / UTIL,SEAT,Leon,,1.8T,150,188,40,57,3900,210,305,1,1,1,1,1,1,0,0,1,0,0,TN1,19900,24900,11900,5950,0,0,5970,7470,3570,1785,0,0,x,x,https://dataracing.com.ar/cars/vw-golf-4-1-8t-150-hp/
104,AUTO / UTIL,SEAT,Leon,,2.0TFSI,200,250,50,53,4300,280,377,1,1,1,1,1,1,0,0,1,1,0,TN2,24900,28900,13900,6950,0,0,7470,8670,4170,2085,0,0,93,64,https://dataracing.com.ar/cars/vw-vento-5-2-0tfsi-200-hp/
105,AUTO / UTIL,SEAT,Leon,,2.0TSI,211,265,54,93,4700,290,440,1,1,1,1,1,1,0,0,1,1,0,TN2,24900,28900,13900,6950,0,0,7470,8670,4170,2085,0,0,203,128,https://dataracing.com.ar/cars/vw-golf-6-2-0tsi-211-hp/
103A,AUTO / UTIL,SEAT,Toledo,,1.9TDI,90,120,30,33,3200,210,280,1,1,1,0,1,0,1,0,1,0,0,TD1,16900,16900,10900,2725,15900,7950,5070,5070,3270,817.5,4770,2385,11,x,https://dataracing.com.ar/cars/vw-golf-4-1-9tdi-90-hp/
103B,AUTO / UTIL,SEAT,Toledo,,1.9TDI,105,145,40,43,3200,240,340,1,1,1,0,1,0,1,0,1,0,0,TD1,16900,16900,10900,2725,15900,7950,5070,5070,3270,817.5,4770,2385,10,x,https://dataracing.com.ar/cars/volkswagen-bora-1-9tdi-105-hp/
102,AUTO / UTIL,SEAT,Toledo,,1.8T,180,215,35,56,4600,235,335,1,1,1,1,1,1,0,0,1,0,1,TN1,19900,24900,11900,5950,0,0,5970,7470,3570,1785,0,0,39,53,https://dataracing.com.ar/cars/vw-bora-1-8t-180-hp/
101,AUTO / UTIL,SEAT,Toledo,,1.8T,150,188,40,57,3900,210,305,1,1,1,1,1,1,0,0,1,0,0,TN1,19900,24900,11900,5950,0,0,5970,7470,3570,1785,0,0,x,x,https://dataracing.com.ar/cars/vw-golf-4-1-8t-150-hp/
609,AUTO / UTIL,SUZUKI,Fun,,1.0l,60,66,6,7,5200,81,88,1,1, ,1,1,1,0,0,1,0,0,A1,13900,15900,8900,4450,0,0,4170,4770,2670,1335,0,0,20,x,
604,AUTO / UTIL,SUZUKI,Fun,,1.4l,94,102,8,10,6200,127,136,1,1,1,1,1,0,0,0,1,0,0,A1,13900,15900,8900,4450,0,0,4170,4770,2670,1335,0,0,26,x,
703,AUTO / UTIL,SUZUKI,Vitara,,2.0HDI,110,135,25,33,3600,250,299,1,1,1,0,1,0,1,0,0,0,0,TD1,16900,16900,10900,2725,15900,7950,5070,5070,3270,817.5,4770,2385,58,60,
2001,AUTO / UTIL,SUZUKI,SWIFT,,1.5L VVT 16V,102,112,10,12,5100,113,126,0,1,1,1,0,0,0,0,0,0,0,A2,15900,17900,9900,4950,0,0,4770,5370,2970,1485,0,0,x,316,
901,AUTO / UTIL,TOYOTA,HILU1,,2.5l,120,155,35,45,3900,324,393,0,1,1,0,1,0,1,0,1,0,0,C1,19900,19900,11900,2975,17900,8950,5970,5970,3570,892.5,5370,2685,517,755,
906,AUTO / UTIL,TOYOTA,HILU1,,2.5l,102,130,28,34,3800,252,310,1,1,1,0,1,0,1,0,1,0,0,C1,19900,19900,11900,2975,17900,8950,5970,5970,3570,892.5,5370,2685,517,755,
902,AUTO / UTIL,TOYOTA,HILU1/SW4,,3.0L,170,210,40,41,2700,340,440,1,1,1,0,1,0,1,0,1,0,0,C1,19900,19900,11900,2975,17900,8950,5970,5970,3570,892.5,5370,2685,517,755,
907,AUTO / UTIL,TOYOTA,HILU1,,2.4D,150,190,40,42,3300,380,450,1,1,1,0,1,0,1,1,0,0,0,C2,21900,21900,13900,3475,19900,9950,6570,6570,4170,1042.5,5970,2985,653,x,
905,AUTO / UTIL,TOYOTA,HILU1/SW4,,"2,8D",177,210,40,42,3400,450,490,1,1,1,0,1,0,1,1,0,0,0,C2,21900,21900,13900,3475,19900,9950,6570,6570,4170,1042.5,5970,2985,653,x,
908,AUTO / UTIL,TOYOTA,HILU1/SW4,,2.8D,204,236,,0,0,500,560,1,1,1,0,1,0,1,1,0,0,0,C3,24900,24900,17900,4475,24900,12450,7470,7470,5370,1342.5,7470,3735,653,x,
903,AUTO / UTIL,TOYOTA,GT86,,2.0l,200,220,20,29,3100,200,220,1,1,1,1,0,0,0,0,0,0,0,A4,24900,28900,14900,7450,0,0,7470,8670,4470,2235,0,0,386,1054,
904,AUTO / UTIL,TOYOTA,COROLLA,,18L,136,148,12,14,5000,173,194,0,1,1,1,0,0,0,0,0,0,0,A2,15900,17900,9900,4950,0,0,4770,5370,2970,1485,0,0,517,747,
909,AUTO / UTIL,TOYOTA,LAND CRUISER PRADO,,40L V6,272,290,18,20,5000,381,405,1,1,1,1,1,1,0,0,0,0,0,A4,24900,28900,14900,7450,0,0,7470,8670,4470,2235,0,0,,,
910,AUTO / UTIL,TOYOTA,LAND CRUISER V1200,,4.5D4D,286,320,34,37,2400,650,750,1,1,1,0,1,0,0,0,0,0,0,C3,24900,24900,17900,4475,24900,12450,7470,7470,5370,1342.5,7470,3735,,,
116A,AUTO / UTIL,VW,Amarok,,20TDI CR,122,155,33,47,3100,340,440,1,1,1,0,1,0,1,0,1,0,0,C1,19900,19900,11900,2975,17900,8950,5970,5970,3570,892.5,5370,2685,459,1227 902,https://dataracing.com.ar/cars/vw-amarok-2-0tdi-122hp/
116B,AUTO / UTIL,VW,Amarok,,20TDI CR,140,185,45,47,3000,340,460,1,1,1,0,1,0,1,1,1,0,0,C2,21900,21900,13900,3475,19900,9950,6570,6570,4170,1042.5,5970,2985,449,1180 420,https://dataracing.com.ar/cars/vw-amarok-2-0tdi-140hp/
116C,AUTO / UTIL,VW,Amarok,,20TDI CR,163,195,32,43,3100,400,470,1,1,1,0,1,0,1,0,1,0,0,C1,19900,19900,11900,2975,17900,8950,5970,5970,3570,892.5,5370,2685,459,1227 902,https://dataracing.com.ar/cars/vw-amarok-2-0tdi-163hp/
116D,AUTO / UTIL,VW,Amarok,,20TDI CR,180,212,32,43,3100,420,490,1,1,1,0,1,0,1,1,1,0,0,C2,21900,21900,13900,3475,19900,9950,6570,6570,4170,1042.5,5970,2985,449,1180 420,https://dataracing.com.ar/cars/vw-amarok-2-0tdi-180hp/
130,AUTO / UTIL,VW,Amarok V6,,3.0TDI V6,225,310,85,74,4200,550,647,1,1,1,0,1,0,1,1,0,0,0,C4,31900,31900,17900,4475,24900,12450,9570,9570,5370,1342.5,7470,3735,533,1247 739,https://dataracing.com.ar/cars/vw-amarok-3-0tdi-v6-225hp/
130a,AUTO / UTIL,VW,Amarok v6 2020,,3.0TDI V6,258,312,54,0,0,580,652,1,1,1,0,1,0,1,1,0,0,0,C4,31900,31900,17900,4475,24900,12450,9570,9570,5370,1342.5,7470,3735,533,1247 739,https://dataracing.com.ar/cars/vw-amarok-v6-3-0tdi-258-hp/
117,AUTO / UTIL,VW,Bora,,2.0,115,129,14,15,5500,157,173,0,1,1,1,1,1,0,0,1,0,0,A2,15900,17900,9900,4950,0,0,4770,5370,2970,1485,0,0,38,186,https://dataracing.com.ar/cars/vw-bora-2-0l-115-hp/
117,AUTO / UTIL,VW,Bora L/N,,2.0,115,129,14,15,5500,157,173,0,1,1,1,1,1,0,0,1,0,0,A2,15900,17900,9900,4950,0,0,4770,5370,2970,1485,0,0,38,186,https://dataracing.com.ar/cars/vw-bora-2-0l-115-hp/
103B,AUTO / UTIL,VW,Bora,,1.9TDI,105,145,40,43,3200,240,340,1,1,1,0,1,0,1,0,1,0,0,TD1,16900,16900,10900,2725,15900,7950,5070,5070,3270,817.5,4770,2385,10,x,https://dataracing.com.ar/cars/volkswagen-bora-1-9tdi-105-hp/
102,AUTO / UTIL,VW,Bora,,1.8T,180,215,35,56,4600,235,335,1,1,1,1,1,1,0,0,1,0,1,TN1,19900,24900,11900,5950,0,0,5970,7470,3570,1785,0,0,39,53,https://dataracing.com.ar/cars/vw-bora-1-8t-180-hp/
118,AUTO / UTIL,VW,Golf MK4,,1.6,101,111,10,10,5200,142,156,0,1,1,1,1,1,0,0,1,0,0,A1,13900,15900,8900,4450,0,0,4170,4770,2670,1335,0,0,x,186,https://dataracing.com.ar/cars/vw-gol-trend-1-6-101-hp/
117,AUTO / UTIL,VW,Golf MK4,,2.0,115,129,14,15,5500,157,173,0,1,1,1,1,1,0,0,1,0,0,A2,15900,17900,9900,4950,0,0,4770,5370,2970,1485,0,0,38,186,https://dataracing.com.ar/cars/vw-bora-2-0l-115-hp/
101,AUTO / UTIL,VW,Golf MK4,,1.8T,150,188,40,57,3900,210,305,1,1,1,1,1,1,0,0,1,0,0,TN1,19900,24900,11900,5950,0,0,5970,7470,3570,1785,0,0,x,x,https://dataracing.com.ar/cars/vw-golf-4-1-8t-150-hp/
102,AUTO / UTIL,VW,Golf MK4,,1.8T,180,215,35,56,4600,235,335,1,1,1,1,1,1,0,0,1,0,1,TN1,19900,24900,11900,5950,0,0,5970,7470,3570,1785,0,0,39,53,https://dataracing.com.ar/cars/vw-bora-1-8t-180-hp/
103A,AUTO / UTIL,VW,Golf MK4,,1.9TDI,90,120,30,33,3200,210,280,1,1,1,0,1,0,1,0,1,0,0,TD1,16900,16900,10900,2725,15900,7950,5070,5070,3270,817.5,4770,2385,11,x,https://dataracing.com.ar/cars/vw-golf-4-1-9tdi-90-hp/
141,AUTO / UTIL,VW,Golf MK4,,2.8L V6,201,220,19,19,6000,270,292,1,1,1,1,1,1,0,0,0,0,0,A3,18900,21900,12900,6450,0,0,5670,6570,3870,1935,0,0,39,51,
105,AUTO / UTIL,VW,Golf MK6,,2.0TSI,211,265,54,93,4700,290,440,1,1,1,1,1,1,0,0,1,1,0,TN2,24900,28900,13900,6950,0,0,7470,8670,4170,2085,0,0,203,128,https://dataracing.com.ar/cars/vw-golf-6-2-0tsi-211-hp/
119A,AUTO / UTIL,VW,Golf MK7,,1.4TSI EA211,150,175,25,39,3800,250,311,1,1,1,1,1,1,0,0,0,0,0,TN1,19900,24900,11900,5950,0,0,5970,7470,3570,1785,0,0,477,1323 725,https://dataracing.com.ar/cars/vw-golf-7-1-4tsi-150-hp/
138,AUTO / UTIL,VW,GOLF 7,,16L 16V,110,120,10,11,6200,150,163,1,1,1,1,1,1,0,0,0,0,0,A3,18900,21900,12900,6450,0,0,5670,6570,3870,1935,0,0,x,1039,https://dataracing.com.ar/cars/vw-golf-7-16l-16v-110-hp/
129,AUTO / UTIL,VW,Golf MK7 GTI,,2.0TSI MQB,220,300,80,93,4400,348,474,1,1,1,1,1,1,0,0,0,0,0,TN4,36900,41900,19900,9950,0,0,11070,12570,5970,2985,0,0,473,830,https://dataracing.com.ar/cars/vw-golf-gti-2-0tsi-220-hp/
103B,AUTO / UTIL,VW,Vento MK5,,1.9TDI,105,145,40,43,3200,240,340,1,1,1,0,1,0,1,0,1,0,0,TD1,16900,16900,10900,2725,15900,7950,5070,5070,3270,817.5,4770,2385,10,x,https://dataracing.com.ar/cars/volkswagen-bora-1-9tdi-105-hp/
106,AUTO / UTIL,VW,Vento MK5,,2.0TDI PD,140,170,30,32,3600,320,410,1,1,1,0,1,0,1,0,1,1,0,TD1,16900,16900,10900,2725,15900,7950,5070,5070,3270,817.5,4770,2385,62,2,https://dataracing.com.ar/cars/vw-vento-5-2-0tdi-pd-140-hp/
104,AUTO / UTIL,VW,Vento MK5,,2.0TFSI,200,250,50,53,4300,280,377,1,1,1,1,1,1,0,0,1,1,0,TN2,24900,28900,13900,6950,0,0,7470,8670,4170,2085,0,0,93,64,https://dataracing.com.ar/cars/vw-vento-5-2-0tfsi-200-hp/
120,AUTO / UTIL,VW,Vento MK5,,2.5,170,185,15,20,6000,230,252,1,1,1,1,1,1,0,0,1,0,0,A2,15900,17900,9900,4950,0,0,4770,5370,2970,1485,0,0,120,x,https://dataracing.com.ar/cars/vw-vento-6-2-5l-20v-170-hp/
105,AUTO / UTIL,VW,Vento MK5,,2.0TSI,211,265,54,93,4700,290,440,1,1,1,1,1,1,0,0,1,1,0,TN2,24900,28900,13900,6950,0,0,7470,8670,4170,2085,0,0,203,128,https://dataracing.com.ar/cars/vw-golf-6-2-0tsi-211-hp/
105,AUTO / UTIL,VW,Vento MK6,,2.0TSI,211,265,54,93,4700,290,440,1,1,1,1,1,1,0,0,1,1,0,TN2,24900,28900,13900,6950,0,0,7470,8670,4170,2085,0,0,203,128,https://dataracing.com.ar/cars/vw-golf-6-2-0tsi-211-hp/
127,AUTO / UTIL,VW,Vento MK6,,2.0TDI CR,140,180,40,42,4100,321,380,1,1,1,0,1,0,1,0,0,1,0,TD2,19900,19900,11900,2975,17900,8950,5970,5970,3570,892.5,5370,2685,399,1165 269,https://dataracing.com.ar/cars/vw-vento-mk6-2-0tdi-cr-140-hp/
127,AUTO / UTIL,VW,Vento MK6,,2.0TDI CR,140,180,40,42,4100,321,380,1,1,1,0,1,0,1,0,0,1,0,TD2,19900,19900,11900,2975,17900,8950,5970,5970,3570,892.5,5370,2685,399,1165 269,https://dataracing.com.ar/cars/vw-vento-mk6-2-0tdi-cr-140-hp/
133,AUTO / UTIL,VW,Vento MK6,,25L 20V,170,185,15,20,6000,230,252,0,1,1,1,1,1,0,0,1,0,0,A3,18900,21900,12900,6450,0,0,5670,6570,3870,1935,0,0,466,1280 780,https://dataracing.com.ar/cars/vw-vento-mk6-2-5l-20v-170-hp/
119A,AUTO / UTIL,VW,VENTO MK7,,1.4TSI EA211,150,175,25,39,3800,250,311,1,1,1,1,1,1,0,0,0,0,0,TN1,19900,24900,11900,5950,0,0,5970,7470,3570,1785,0,0,477,1323 725,https://dataracing.com.ar/cars/vw-vento-7-1-4tsi-ea211-150-hp/
135,AUTO / UTIL,VW,VENTO MK6 GEN3,,20TSI GEN3,211,270,54,63,4900,285,399,1,1,1,1,1,1,0,0,0,0,0,TN2,24900,28900,13900,6950,0,0,7470,8670,4170,2085,0,0,469 473,1067 1443 1451,https://dataracing.com.ar/cars/vw-vento-6-gen-3-vento-gli-2-0tsi-gen-3-211-hp/
129,AUTO / UTIL,VW,VENTO MK7 G3 MQB,,2.0TSI MQB,220,300,80,93,4400,348,474,1,1,1,1,1,1,0,0,0,0,0,TN4,36900,41900,19900,9950,0,0,11070,12570,5970,2985,0,0,473,830,https://dataracing.com.ar/cars/vw-golf-gti-2-0tsi-220-hp/
121,AUTO / UTIL,VW,Gol,,1.6L 8V,92,102,10,0,0,0,0,0,1,0,1,1,1,0,0,1,0,0,A1,13900,15900,8900,4450,0,0,4170,4770,2670,1335,0,0,x,x,
118,AUTO / UTIL,VW,Gol,,1.6,101,111,10,10,5200,142,156,0,1,1,1,1,1,0,0,1,0,0,A1,13900,15900,8900,4450,0,0,4170,4770,2670,1335,0,0,x,186,https://dataracing.com.ar/cars/vw-gol-trend-1-6-101-hp/
122,AUTO / UTIL,VW,G6,,1.6L 8V G6,101,111,10,0,0,0,0,0,0,1,1,1,1,0,0,0,0,0,A1,13900,15900,8900,4450,0,0,4170,4770,2670,1335,0,0,x,725 974,https://dataracing.com.ar/cars/vw-gol-trend-1-6-101-hp/
123,AUTO / UTIL,VW,Gol,,1.4l,83,90,7,0,0,0,0,1,1,1,1,1,1,0,0,1,0,0,A1,13900,15900,8900,4450,0,0,4170,4770,2670,1335,0,0,,,
122,AUTO / UTIL,VW,Saveiro,,1.6L 8V G6,101,111,10,0,0,0,0,0,0,1,1,1,1,0,0,0,0,0,A1,13900,15900,8900,4450,0,0,4170,4770,2670,1335,0,0,x,725 974,https://dataracing.com.ar/cars/vw-gol-trend-1-6-101-hp/
118,AUTO / UTIL,VW,Saveiro,,1.6,101,111,10,10,5200,142,156,0,1,1,1,1,1,0,0,1,0,0,A1,13900,15900,8900,4450,0,0,4170,4770,2670,1335,0,0,x,186,https://dataracing.com.ar/cars/vw-gol-trend-1-6-101-hp/
140,AUTO / UTIL,VW,Saveiro 16V,,1.6L 16V ,110,120,10,11,5400,155,170,1,1,1,1,0,0,0,0,0,0,0,A2,15900,17900,9900,4950,0,0,4770,5370,2970,1485,0,0,,,https://dataracing.com.ar/cars/vw-polo-1-6l-16v-110-hp-2/
122,AUTO / UTIL,VW,Fox,,1.6L 8V G6,101,111,10,0,0,0,0,0,0,1,1,1,1,0,0,0,0,0,A1,13900,15900,8900,4450,0,0,4170,4770,2670,1335,0,0,x,725 974,https://dataracing.com.ar/cars/vw-gol-trend-1-6-101-hp/
118,AUTO / UTIL,VW,Fox,,1.6,101,111,10,10,5200,142,156,0,1,1,1,1,1,0,0,1,0,0,A1,13900,15900,8900,4450,0,0,4170,4770,2670,1335,0,0,x,186,https://dataracing.com.ar/cars/vw-gol-trend-1-6-101-hp/
118,AUTO / UTIL,VW,Suran ,,1.6,101,111,10,10,5200,142,156,0,1,1,1,1,1,0,0,1,0,0,A1,13900,15900,8900,4450,0,0,4170,4770,2670,1335,0,0,x,186,https://dataracing.com.ar/cars/vw-gol-trend-1-6-101-hp/
118,AUTO / UTIL,VW,Suran,,1.6,101,111,10,10,5200,142,156,0,1,1,1,1,1,0,0,1,0,0,A1,13900,15900,8900,4450,0,0,4170,4770,2670,1335,0,0,x,186,https://dataracing.com.ar/cars/vw-gol-trend-1-6-101-hp/
122,AUTO / UTIL,VW,Voyage,,1.6L 8V G6,101,111,10,0,0,0,0,0,0,1,1,1,1,0,0,0,0,0,A1,13900,15900,8900,4450,0,0,4170,4770,2670,1335,0,0,x,725 974,https://dataracing.com.ar/cars/vw-gol-trend-1-6-101-hp/
118,AUTO / UTIL,VW,Voyage,,1.6,101,111,10,10,5200,142,156,0,1,1,1,1,1,0,0,1,0,0,A1,13900,15900,8900,4450,0,0,4170,4770,2670,1335,0,0,x,186,https://dataracing.com.ar/cars/vw-gol-trend-1-6-101-hp/
124,AUTO / UTIL,VW,Sirocco,,1.4T,160,205,45,61,4500,240,329,1,1,1,1,1,1,0,0,0,0,0,TN2,24900,28900,13900,6950,0,0,7470,8670,4170,2085,0,0,203,1325 267,https://dataracing.com.ar/cars/vw-sirocco-1-4t-160-hp/
105,AUTO / UTIL,VW,Sirocco,,2.0TSI,211,265,54,93,4700,290,440,1,1,1,1,1,1,0,0,1,1,0,TN2,24900,28900,13900,6950,0,0,7470,8670,4170,2085,0,0,203,128,https://dataracing.com.ar/cars/vw-sirocco-2-0tsi-211-hp/
103A,AUTO / UTIL,VW,Caddy,,1.9TDI,90,120,30,33,3200,210,280,1,1,1,0,1,0,1,0,1,0,0,TD1,16900,16900,10900,2725,15900,7950,5070,5070,3270,817.5,4770,2385,11,x,https://dataracing.com.ar/cars/vw-golf-4-1-9tdi-90-hp/
117,AUTO / UTIL,VW,New Beetle,,2.0,115,129,14,15,5500,157,173,0,1,1,1,1,1,0,0,1,0,0,A2,15900,17900,9900,4950,0,0,4770,5370,2970,1485,0,0,38,186,https://dataracing.com.ar/cars/new-beetle-2-0-115-hp/
133,AUTO / UTIL,VW,New Beetle,,25L 20V,170,185,15,20,6000,230,252,0,1,1,1,1,1,0,0,1,0,0,A3,18900,21900,12900,6450,0,0,5670,6570,3870,1935,0,0,466,1280 780,https://dataracing.com.ar/cars/vw-new-beetle-2-5l-20v-170-hp/
124,AUTO / UTIL,VW,The Beetle,,1.4T,160,205,45,61,4500,240,329,1,1,1,1,1,1,0,0,0,0,0,TN2,24900,28900,13900,6950,0,0,7470,8670,4170,2085,0,0,203,1325 267,https://dataracing.com.ar/cars/3284/
135,AUTO / UTIL,VW,The Beetle,,20TSI GEN3,211,270,54,63,4900,285,399,1,1,1,1,1,1,0,0,0,0,0,TN2,24900,28900,13900,6950,0,0,7470,8670,4170,2085,0,0,469 473,1067 1443 1451,https://dataracing.com.ar/cars/vw-the-beetle-2-0tsi-gen-3-211-hp/
103B,AUTO / UTIL,VW,Passat,,1.9TDI,105,145,40,43,3200,240,340,1,1,1,0,1,0,1,0,1,0,0,TD1,16900,16900,10900,2725,15900,7950,5070,5070,3270,817.5,4770,2385,10,x,https://dataracing.com.ar/cars/volkswagen-bora-1-9tdi-105-hp/
127,AUTO / UTIL,VW,Passat,,2.0TDI CR,140,180,40,42,4100,321,380,1,1,1,0,1,0,1,0,0,1,0,TD2,19900,19900,11900,2975,17900,8950,5970,5970,3570,892.5,5370,2685,399,1165 269,https://dataracing.com.ar/cars/vw-vento-mk6-2-0tdi-cr-140-hp/
105,AUTO / UTIL,VW,Passat,,2.0TSI,211,265,54,93,4700,290,440,1,1,1,1,1,1,0,0,1,1,0,TN2,24900,28900,13900,6950,0,0,7470,8670,4170,2085,0,0,203,128,https://dataracing.com.ar/cars/vw-passat-1-0tsi-211-hp/
111,AUTO / UTIL,VW,Passat,,1.8TFSI,163,218,47,64,4200,256,365,1,1,1,1,1,1,0,0,1,1,0,TN1,19900,24900,11900,5950,0,0,5970,7470,3570,1785,0,0,39,53,https://dataracing.com.ar/cars/audi-tt-mk2-1-8tfsi-163-hp/
102,AUTO / UTIL,VW,Passat,,1.8T,180,215,35,56,4600,235,335,1,1,1,1,1,1,0,0,1,0,1,TN1,19900,24900,11900,5950,0,0,5970,7470,3570,1785,0,0,39,53,https://dataracing.com.ar/cars/vw-bora-1-8t-180-hp/
114,AUTO / UTIL,VW,Passat,,3.2 V6,250,270,20,20,6200,318,340,1,1,1,1,1,1,0,0,1,0,0,A3,18900,21900,12900,6450,0,0,5670,6570,3870,1935,0,0,120,52,https://dataracing.com.ar/cars/audi-tt-mk-2-3-2-v6-250-hp/
129,AUTO / UTIL,VW,Passat B9,,2.0TSI MQB,220,300,80,93,4400,348,474,1,1,1,1,1,1,0,0,0,0,0,TN4,36900,41900,19900,9950,0,0,11070,12570,5970,2985,0,0,473,830,https://dataracing.com.ar/cars/vw-passat-b9-2-0tsi-220-hp/
121,AUTO / UTIL,VW,Polo,,1.6L 8V,92,102,10,0,0,0,0,0,1,0,1,1,1,0,0,1,0,0,A1,13900,15900,8900,4450,0,0,4170,4770,2670,1335,0,0,x,x,
103A,AUTO / UTIL,VW,Polo,,1.9TDI,90,120,30,33,3200,210,280,1,1,1,0,1,0,1,0,1,0,0,TD1,16900,16900,10900,2725,15900,7950,5070,5070,3270,817.5,4770,2385,11,x,https://dataracing.com.ar/cars/vw-golf-4-1-9tdi-90-hp/
140,AUTO / UTIL,VW,Polo 16V ,,16L 16V ,110,120,10,11,5400,155,170,1,1,1,1,0,0,0,0,0,0,0,A2,15900,17900,9900,4950,0,0,4770,5370,2970,1485,0,0,,,https://dataracing.com.ar/cars/vw-polo-1-6l-16v-110-hp-2/
103C,AUTO / UTIL,VW,Sharan,,1.9TDI,115,154,39,43,3200,285,350,1,1,1,0,1,0,1,0,1,0,0,TD1,16900,16900,10900,2725,15900,7950,5070,5070,3270,817.5,4770,2385,10,x,https://dataracing.com.ar/cars/vw-sharan-1-9tdi-115-hp/
101,AUTO / UTIL,VW,Sharan,,1.8T,150,188,40,57,3900,210,305,1,1,1,1,1,1,0,0,1,0,0,TN1,19900,24900,11900,5950,0,0,5970,7470,3570,1785,0,0,x,x,https://dataracing.com.ar/cars/vw-golf-4-1-8t-150-hp/
124,AUTO / UTIL,VW,Sharan,,1.4T,160,205,45,61,4500,240,329,1,1,1,1,1,1,0,0,0,0,0,TN2,24900,28900,13900,6950,0,0,7470,8670,4170,2085,0,0,203,1325 267,https://dataracing.com.ar/cars/vw-sirocco-1-4t-160-hp/
105,AUTO / UTIL,VW,Tiguan,,2.0TSI,211,265,54,93,4700,290,440,1,1,1,1,1,1,0,0,1,1,0,TN2,24900,28900,13900,6950,0,0,7470,8670,4170,2085,0,0,203,128,https://dataracing.com.ar/cars/vw-tiguan-2-0tsi-211-hp/
127,AUTO / UTIL,VW,Tiguan,,2.0TDI CR,140,180,40,42,4100,321,380,1,1,1,0,1,0,1,0,0,1,0,TD2,19900,19900,11900,2975,17900,8950,5970,5970,3570,892.5,5370,2685,399,1165 269,https://dataracing.com.ar/cars/vw-vento-mk6-2-0tdi-cr-140-hp/
119A,AUTO / UTIL,VW,TIGUAN ALLSPACE,,1.4TSI EA211,150,175,25,39,3800,250,311,1,1,1,1,1,1,0,0,0,0,0,TN1,19900,24900,11900,5950,0,0,5970,7470,3570,1785,0,0,477,1323 725,https://dataracing.com.ar/cars/vw-tiguan-all-space-1-4tsi-150-hp/
129,AUTO / UTIL,VW,TIGUAN ALLSPACE,,2.0TSI MQB,220,300,80,93,4400,348,474,1,1,1,1,1,1,0,0,0,0,0,TN4,36900,41900,19900,9950,0,0,11070,12570,5970,2985,0,0,473,830,https://dataracing.com.ar/cars/vw-golf-gti-2-0tsi-220-hp/
125,AUTO / UTIL,VW,UP,,1.0L,75,82,7,8,5600,96,108,0,1,1,1,1,1,0,0,0,0,0,A2,15900,17900,9900,4950,0,0,4770,5370,2970,1485,0,0,x,1276 472 916,https://dataracing.com.ar/cars/vw-up-1-0l-75-hp/
131,AUTO / UTIL,VW,UP,,1.0TSI,100,135,35,32,3000,167,212,1,1,1,1,1,1,0,0,0,0,0,TN1,19900,24900,11900,5950,0,0,5970,7470,3570,1785,0,0,477,1322 695,https://dataracing.com.ar/cars/vw-up-pepper-1-0tsi-100-hp/
1112,AUTO / UTIL,VOLVO,T5,,2.5T,200,245,45,49,5000,320,370,0,1,1,1,1,1,0,0,0,0,0,TN1,19900,24900,11900,5950,0,0,5970,7470,3570,1785,0,0,272,76,